 INSERT INTO exhibition(id,name,venue_name, organizer,begin_date,end_date,begin_time,end_time,province,city,area,address,
 ticket_info,link,poster_url,introduction) VALUES
 (5,"植物力量：一线古老的生机","上海浦东碧云美术馆二号展厅","上海市对外文化交流协会","2023-5-13","2023-7-16","10:00:00","17:00:00","上海市","市辖区","浦东新区","红枫路135号",
 "50元","https://mp.weixin.qq.com/s/QqllVXQ6ceKPDA7VUI3u9g","images/植物力量.jpg","联合国粮农组织将每年的5月12日定为\“国际植物健康日\”，以提高全人类对保护植物健康的认识。今年5月的上海，在一个美好的春夏里，碧云美术馆邀请24位中外艺术家和植物诗人，以\“植物力量：一线古老的生机\”为名而集体构建一次和植物有关的艺术创作。"),
 (6,"再次孟菲斯：设计革新1981-1985","上海艺仓美术馆","","2023-5-14","2023-7-30","10:00:00","18:00:00","上海市","市辖区","浦东新区","滨江大道4777号",
 "78元","https://mp.weixin.qq.com/s/7AoO2LqL5BbMoW0GwqkfBg","images/再次孟菲斯.jpg","作为20世纪最具创新性的后现代设计流派，孟菲斯成立伊始就激进挑战着现代主义的设计典范：造型夸张、用色大胆、个性张扬，重塑着设计的定义。从起源地米兰到上海艺仓美术馆，展览梳理回顾1981-1985年孟菲斯至关重要的发展脉络，呈现近200件最具代表性的家具及物件精彩设计之作；以全新的视觉形象与强烈的新文化氛围，带领观众走进孟菲斯充满想象力的梦幻设计世界。"),
 (7,"显性梦境：青年艺术家群展","Lutra Gallery 獭獭画廊","","2023-5-13","2023-6-11","10:00:00","18:00:00","上海市","市辖区","黄浦区","香港路117号F6 604",
 "免费","https://mp.weixin.qq.com/s/PQFZnzvDEmG82KgmzkzGmw","images/显性梦境.jpg","感知是人类与外界交互的基本方式之一，而人们对于外界事物的感知往往是多元的、综合的。同样地，艺术创作也往往蕴含多重感知的元素，这些元素反映了艺术家的文化、背景和经验。显性梦境（Manifest Content of Dreams）指的是当事人所能记忆而且可以陈述的梦境；其中包括人、事、物以及所有活动。这些元素在梦境中可能具有新的象征意义，因此对梦境者的心理状态、需求和潜在冲突等有很大的启示和暗示作用。本次展览选择了显性梦境作为主题，希望通过九位不同国家艺术家的作品，呈现出这些艺术家对于世界的多重感知和内化理解；以及这些感知背后所蕴含的文化、历史和社会背景。让我们透过艺术作品，一窥这些艺术家的美妙梦境。"),
 (8,"吴厚挺个展\“2066\”","东画廊","","2023-5-13","2023-6-30","10:00:00","18:00:00","上海市","市辖区","徐汇区","滨江龙腾大道2555-9号",
 "免费","https://mp.weixin.qq.com/s/KGQvtljOGLQL0oIgQf-VIw","images/吴厚挺.jpg","此次个展将集中呈现吴厚挺近年创作的15件雕塑作品，其形制所暗含的空间性、时间性与限制性揭示了实用商品在生产与流通领域中形成的间隙空间——一种被精巧设计的用具外部结构与临时的、转瞬既逝的被包装物所占据的物理空间与形态。"),
 (9,"奥利弗·比尔（Oliver Beer）「重组：夜宴」","虎丘路27号2层 阿尔敏·莱希 ","","2023-5-12","2023-6-24","11:00:00","19:00:00","上海市","市辖区","黄浦区","虎丘路27号2层",
 "免费","https://mp.weixin.qq.com/s/xvrAEotb694p-VQPWy5FRw","images/重组夜宴.jpg","青花瓷器从天花板悬挂下来；麦克风让每件瓷器独特的声音\“显形\”——这件互动声音装置是奥利弗·比尔在此次阿尔敏·莱希 - 上海个展「重组：夜宴」中的核心作品。来来往往的现场观众将触发与瓷器相连的传感器，谱出一曲永远在变化之中的沉浸式交响乐。每一只完好的瓷器都拥有一个特定的共鸣音符，尽管声音每时每刻都在变化，但其和声却始终如一。正是通过向我们揭示恒定之物，比尔反过来邀请我们观察时间流逝中确切发生变化的痕迹。这些瓷器仿佛是作为历史的见证者在与我们对话，讲述属于它们自己的命运故事。"),
 (10,"2023青花—器 两岸陶艺交流展","麦可将文旅村","中国陶瓷艺术家协会","2023-5-6","2023-5-31","10:00:00","18:00:00","上海市","市辖区","闵行区","联明路389号B栋104",
 "免费","https://mp.weixin.qq.com/s/omsN5JkABA5tna7551UFnA","images/青花器.jpg","白釉青花一火成，花从釉里透分明。可参造化先天妙，无极由来太极生。青花瓷，在白泥上勾勒青花，罩上一层薄且透明的釉，入窑一千三百度，浴火重生后的瓷器如冰雪覆青花，明净而素雅，古人说，这是天地造化。技艺在指尖传承，不知不觉，青花就开了一千多年。乍看上去，青花都是蓝，可若细细看去，蓝的环肥燕瘦，蓝的天南海北。青花在艺术家们的手中，赓续、革新，不断去探寻它更多的可能性。艺术家们将自己的经历和感悟融于作品，一物一器，经火熏染，在泥土一呼一吸间，青花笔墨一点一染间，赋予了它新的生机。"),
 (11,"熊言钧 XIONG YANJUN · LINGER 磐桓","五五画廊","","2023-5-14","2023-6-25","13:00:00","18:00:00","上海市","市辖区","普陀区","莫干山路50号4号楼A座112",
 "免费","https://mp.weixin.qq.com/s/vSWNKBHdDuGRAZJ5w3eVig","images/磐桓.jpg","这是熊言钧在\“随形\”（2021年）之后在五五画廊呈现的第二个个展。\“磐桓\”，语出易经屯卦初九爻。意谓万物混沌，阻塞郁结，当坚定持守，积蓄力量。\“磐桓\”后引申为\“盘桓\”，有徘徊、逗留之意。多重解读，都可指向一种在持续的压力下转化能量的想象，颇能切中熊言钧此一阶段的创作状态。"),
 (12,"超越BEYOND 2003-2023","明当代美术馆","明园集团","2023-5-6","2023-6-11","10:00:00","18:00:00","上海市","市辖区","静安区","永和东路436号",
 "60元","https://mp.weixin.qq.com/s/0gx2YyOknEy-hHa5omfqFQ","images/超越BEYOND.jpg","2023年5月6日至6月11日，明园集团将与明圆美术馆共同推出《超越BEYOND 2003-2023》明园艺术20年特展，并此彰见明园集团入沪30周年隆景，展览邀请了新世纪20年以来，最优秀的艺术家群体，探讨、研究各个年龄阶段不同的艺术个案，作为最具代表性的他们，如何影响我们的艺术感知，及艺术生态彼此互动转变，自是有非凡的价值和意义。文化现象与生命游感的双重交织，艺术家感知的时间区域与表达方式，那些连续变化着的思线幻化、汇集出个个时代的不同肖像，以及来自生命的、非物质领域的浮力与张力。"),
 (13,"前田 正宪 个展「观自在」GUAN","熏依社画廊","","2023-5-13","2023-7-9","11:00:00","19:00:00","上海市","市辖区","徐汇区","复兴中路1363弄3号楼108",
 "免费","https://mp.weixin.qq.com/s/cK9UtVWixMFf2okAovVL6Q","images/观自在.jpg","在日常生活中，我们总是被最亲近的人伤害。一切都在变化，那不确定性让我们不安和焦躁。越信任，越在意，所以不滴血的伤隐藏得深不知底。房间的地毯上一直会有扫不完的亮片，但谁也不愿揭穿那个秘密，因为即便如此也不想失去。很多偶然聚集在一起生成了一个必然，或许有些东西早已慢慢逝去。我却执着地原地踏步，舍不得走自己的路，回头却瞧见你的眼神在远方。独自站在暴风雨过后的蓝天下，眼前突现倒插了一道极短的彩虹，我没有惊喜雨后彩虹，却嫌弃起来彩虹的形状不够完美，停留的时间不够长。"),
 (14,"青格乐图个展《席地扎营》","美博美术馆","","2023-5-10","2023-5-28","10:00:00","17:00:00","上海市","市辖区","闵行区","黎明路88号",
 "免费","https://mp.weixin.qq.com/s/NxBb1AiBEpvjMeAbRIegug","images/席地扎营.jpg","《席地扎营》是青格乐图在上海的首次个人展览，精选了艺术家自2014年以来创作的二十余件绘画作品，现场将以\“乡愁\”、\“逃逸\”、\“三颗石头\”作为三个创作时段，循序渐进地带领观众认识艺术家的绘画语言与艺术哲学。"),
 (15,"许东荣油画个展","上海油画雕塑院美术馆","","2023-5-10","2023-5-19","10:00:00","17:00:00","上海市","市辖区","长宁区","虹桥街道金珠路111号",
 "免费","https://mp.weixin.qq.com/s/oDjUeQdCTFcI7jVGDCmxVQ","images/许东荣油画.jpg","\”鲲\”与\“鹏\”都是庄子比喻生命的伟大，变化性来自思想的不受局限，大而远至生物格局的演化。从\“鲲\”的庞大体积来比拟许东荣的雕塑特性 。\“鹏\”则表现了许东荣抽象画强调书法用笔的流畅，笔刷间对于云河、峡谷自在遨游的想象。\“鹏之背，不知其几千里也；怒而飞，其翼若垂天之云。\”形容了对生命的期许以及突破， 一只大鱼因为对天空的幻想， 进而突破生命原有的格局而成为一只鹏鸟飞上天空，一飞几千里远 。如同许东荣的创作由绘画演变至雕塑再走回绘画。"),
 (16,"消失的法老：胡夫金字塔沉浸式VR体验展","兴业太古汇L3多功能厅","","2023-5-12","2023-8-27","10:00:00","22:00:00","上海市","市辖区","静安区","南京西路789号",
 "198元","https://mp.weixin.qq.com/s/Wxws2_ZvTXCe3dh-WAwaNA","images/消失的法老.jpg","「消失的法老 Horizon of Khufu——胡夫金字塔沉浸式探索体验展」是一场 45 分钟的沉浸式虚拟现实体验，它将带领观众以前所未有的方式游览世界七大奇迹之首——胡夫金字塔。游客除了可以近距离了解金字塔的内部构造和历史脉络，探索从未向公众开放的神秘区域，还可以体验攀登金字塔顶部俯瞰吉萨高原全景的刺激感、穿越到4500年前的第四王朝时期在尼罗河上乘坐太阳船航行、或参加一场古埃及的祭祀仪式，领略无限神秘美景。揭开古埃及文明神秘的面纱。"),
 (17,"层起的表面","Vanguard画廊","","2023-3-18","2023-5-14","11:00:00","18:00:00","上海市","市辖区","普陀区","莫干山路50号4号楼A座204",
 "免费","https://mp.weixin.qq.com/s/jpx107jSG0rhoEyHW7ZWZg","images/层起的表面.jpg","Vanguard画廊将于 3 月 18 日呈现群展\“层起的表面\”，展出童义欣、利奥·阿诺德、余晓及汪晓芙等四位艺术家一系列不囿于二维平面的绘画性创作。四位艺术家虽身处各异的社会背景及职业阶段，但都尝试通过自身实践来延展当代语境下平面创作的边界。展览将持续至5月14日。"),
 (18,"示范：做决定技术的艺术","复星艺术中心","","2023-3-30","2023-5-14","10:00:00","18:00:00","上海市","市辖区","黄浦区","中山东二路600号",
 "100元","https://mp.weixin.qq.com/s/by8rjzOAUKTNVmfMDB90xA","images/做决定技术的艺术.jpg","二十余件影像、装置、综合媒介作品的对话呈现新一代中国与国际青年艺术家如何结合自身兴趣与研究领域，在算法、人工智能、虚拟世界等全新语境与挑战中，以技术反思技术，创造、发明、检验自己的反应与生命体验。"),
 (19,"踏雪寻梅：刘海粟美术馆馆藏梅花主题作品展","刘海粟美术馆","","2023-3-25","2023-5-14","9:00:00","17:00:00","上海市","市辖区","长宁区","延安西路1609号",
 "免费","https://mp.weixin.qq.com/s/BwCpRP4IVGI7BnColrHD6A","images/踏雪寻梅.jpg","研究中国传统意象是探源和传承中华文化根基的切入点，也是推动和活化中国传统文化创新性发展的重要方式。作为岁寒三友的代表之一，我馆计划将松、竹、梅三个中国古代传统意象的馆藏主题作品展形成系列展，此次\“踏雪寻梅：刘海粟美术馆馆藏梅花主题作品展\”为该系列的首展。展览入选上海市美术馆青年策展人成长计划,将展出27件入藏刘海粟美术馆以来首次出展的作品，也是刘海粟美术馆开馆以来展出古代藏品最多、最集中的一次展览。"),
 (20,"《\“你好！小朋友\”：秋山亮二与我们&捉迷藏：童年的显影》双联展","浦东碧云美术馆1、3号展厅","浦东碧云美术馆","2023-5-1","2023-6-30","10:00:00","17:00:00","上海市","市辖区","浦东新区","红枫路135号",
 "30元","https://mp.weixin.qq.com/s/fDR-SmcKl5MXQKxvCiJaZg","images/你好小朋友.jpg","展览分别呈现日本摄影师秋山亮二于1981-1982年间在中国拍摄的\“你好！小朋友\”系列，以及9位艺术家（团体）在近年来围绕童年视觉、记忆和行为等相关议题创作的作品。"),
 (21,"再见，长江西路301号","上海玻璃博物馆H5临展厅","","2023-4-28","2023-12-5","10:00:00","17:00:00","上海市","市辖区","宝山区","长江西路685号",
 "80元","https://mp.weixin.qq.com/s/Y_nZxkqe69hHWYNd2vGvDw","images/再见长江西路301号.jpg","\“长江西路301号\”，是上海玻璃博物馆前身上海玻璃仪器一厂曾经的地址，如今已在地图上消失了。门牌号码转变的背后不仅是行政街道区划的更改，同样也暗藏着深刻的时代变迁以及一个玻璃工厂的风风雨雨。在此次展览中，我们将回溯、追寻、探索上海玻璃仪器一厂的历史，为大家展现似乎已蒙尘的旧工业历史景象。"),
 (22,"王伊芙苓韬程：参差的对照","外滩美术馆","","2023-4-22","2023-7-9","10:00:00","18:00:00","上海市","市辖区","黄浦区","虎丘路20号外滩美术馆",
 "60元","https://mp.weixin.qq.com/s/mxD2OJ1NY-KUu8RlfWEaWw","images/参差的对照.png","本次展览标题取自张爱玲1944年发表的经典散文《自己的文章》。本篇中，张爱玲讲自己小说中的角色大多并不彻底。这些不彻底的人物并非英雄，但因为某种\“认真\”而是\“这时代的广大负荷者\”，没有悲壮而只有苍凉。正是这苍凉揭示了人类经验的真实。正如张爱玲所言：\“悲壮是一种完成，而苍凉则是一种启示。\” \“参差的对照\”是一场对颜色、美、完美和苍凉的探索。经由王伊芙苓韬程的中介，张爱玲和马丁的隔空对话徐徐展开。"),
 (23,"共代谢：滑稽史诗","静安区余姚路66号 Gallery All","","2023-4-28","2023-7-2","10:00:00","17:00:00","上海市","市辖区","静安区","余姚路66号",
 "免费","https://mp.weixin.qq.com/s/mMCZxiZecm9uMcxAGyivTA","images/滑稽史诗.jpg","\“滑稽史诗\”是共代谢工作室以艺术的名义实施的第一个项目。此次展览不再介入城市角落，而是依附于画廊的白盒子空间。作品虽然保留着设计的属性，但叙事的起点不再是如何以艺术的名义服务社会，而是\“美苏太空计划\”。本次展览展览呈现共代谢在2021年至2022年期间创作的20余件最新作品，展览以\“生活区\”和\“自反词\”两个章节重新演绎了这部\“滑稽史诗\”。"),
 (24,"雨果·德维切尔 Hugo DEVERCH?RE「远方」","杜梦堂","","2023-4-25","2023-6-1","11:00:00","19:00:00","上海市","市辖区","徐汇区","衡山路199号105栋",
 "免费","https://mp.weixin.qq.com/s/5EdgxQE-twf7PJ91ScUL2Q","images/远方.jpg","杜梦堂(上海)荣幸呈现法国艺术家雨果·德维切尔(Hugo DEVERCH?RE)在国内的首次个展\“远方\”。作为艺术家近年的研究项目之一，\“远方\”专注于太空探索的想象和发现新天体所产生的幻想，涵盖了以天体摄影、算法合成、光蚀刻等多种技术完成的系列摄影作品，以及多件结晶变化和霓虹装置作品。"),
 (25,"重返恐龙纪元-大型科普艺术巡回展","如美术馆","","2023-4-29","2023-8-31","10:00:00","18:00:00","上海市","市辖区","普陀区","天地科技园8号楼",
 "68元","https://mp.weixin.qq.com/s/ZsWmGDF1nLkXx7ADVwFxbw","images/重返恐龙纪元.jpg","本次展览以恐龙的演化进程为脉络，旨在将现场打造成为生长的自由观展空间，面积约2200平方米，共展出各类别的恐龙展品约200余件。其中恐龙及海洋生物复原模型107件、远生物群落复原场景2处、恐龙骨骼复原模型8组、恐龙头骨复原模型15件、微型恐龙生态景观28处、各类恐龙腿骨与脚趾骨复原模型36组件、科普影像7件、模拟恐龙科学家工作室一间，以及专为此次展览量身定制的一方恐龙光影世界的沉浸体验区，力图全方位地生动再现远古时期的恐龙生活场景。"),
 (26,"远望 陈墙 AFAR","艺博画廊","","2023-4-26","2023-5-25","11:00:00","19:00:00","上海市","市辖区","普陀区","上海市普陀区莫干山路50号6号楼101",
 "免费","https://mp.weixin.qq.com/s/46wnw6y_QzqduJpNeKdE6w","images/远望.jpg","自2019至2021年期间，我创作的大多数作品中，都会有一条分割线横穿画面中部，但那绝不是一条地平线，我也决意要绕开地平线的概念。我的用意只是希望能够用一条分割线打破画面的完整性，将它一分为二，让它在上下两个部分之间产生一个基本的矛盾关系。绘画本就是关于强调与平衡诸多关系的绘画，对关系的把握也能直接影响我们对信息质量的把握。关系也能让感知的存在具有重要的意义。"),
 (27,"韶光溅——园林美学主题展","云间第一展厅 ꔷ RENOWN咖啡艺术空间","上海之根文化传媒有限公司","2023-4-18","2023-5-18","10:00:00","17:30:00","上海市","市辖区","松江区","人民南路6弄69号4F",
 "免费","https://mp.weixin.qq.com/s/3pZnpyNKHe48X-Rlk_xuCQ","images/园林美学.jpg","展览\“韶光溅\”将于2023年4月18日，在松江文化新地标云间第一展厅内的RENOWN咖啡艺术空间正式揭开帷幕。本展览由上海之根文化传媒有限公司与云间第一展厅主办，以\“韶光溅\”为题，邀请艺术家何娴倩先生描绘园林里的各色景致将江南园林呈现至观众面前。"),
 (28,"西方人物绘画400年：东京富士美术馆藏精品展","宝龙美术馆","","2023-4-19","2023-7-23","10:00:00","18:00:00","上海市","市辖区","闵行区","漕宝路3111弄",
 "158元","https://mp.weixin.qq.com/s/ihHlP4tBa6vMlBBUKEM4Ew","images/西方人物绘画.jpg","近60件横跨16世纪至20世纪的史诗级艺术瑰宝真迹，巴洛克宫廷画家凡·戴克、新古典主义大师安格尔、浪漫主义大师戈雅与德拉克洛瓦、维也纳分离派绘画大师克里姆特、超现实主义大师夏加尔与马格利特、形而上画派代表人物德·基里科、波普艺术领袖安迪·沃霍尔......这些西方绘画史上灿若繁星的名字，世界级绘画大师们组成的阵容将在展厅中与您娓娓道来一部精彩恢弘的艺术\“天团\”，的西方人物绘画发展简史"),
 (29,"一份献给PSA的礼物：程昕东当代艺术作品捐赠展","上海当代艺术博物馆","","2023-4-16","2023-6-16","11:00:00","19:00:00","上海市","市辖区","黄浦区","苗江路678号",
 "免费","https://mp.weixin.qq.com/s/6A8UGcOzXNPhueNvnaQSdg","images/程昕东.jpg","上海当代艺术博物馆（PSA）将于2023年4月16日至6月16日推出\“一份献给PSA的礼物：程昕东当代艺术作品捐赠展\”，全面展出由程昕东先生捐赠PSA的19位国内外艺术家的46件当代艺术作品，涵盖绘画、摄影、影像、装置等多种形式。此次展览为第十七届中法文化之春的项目。作为第一代全球化背景下中国画廊家和收藏家，程昕东在过去三十年的工作中凭借其敏锐的洞察力和判断力，将许多优秀的西方艺术家引入国内介绍给中国观众，同时也将中国当代艺术家带往世界，其艺术收藏和推介行为积极推动了中国当代艺术的国际化进程。为了表达对PSA的艺术文化及收藏事业的支持，程昕东遴选了其个人收藏，将19位艺术家的46件作品作为一份\“礼物\”捐赠给到PSA，其中包括6位国际艺术家托米斯拉夫·布达、罗伯托·迪亚戈、巴拉佐·迪米提杰维奇、雷恩·弗朗斯西卡·罗古斯、让·皮埃·班斯曼、吉田公子，以及13位中国当代艺术家曹恺、陈羚羊、顾德新、高惠君、黄岩、林天苗、李永斌、李占洋、师建民、马六明、翁奋、王宁德、薛松的代表性创作。"),
 (30,"\“和合\”——翁道胜作品展","南希画廊","","2023-4-20","2023-5-20","11:00:00","19:00:00","上海市","市辖区","浦东新区","陆家嘴银城路66号2楼201B",
 "免费","https://mp.weixin.qq.com/s/s4WLJAfYoHRlhWYFlwJ0pQ","images/和合.png","天地万物共生共处，人与天调，然后天地之美生，这种天地之美吸引着翁道胜，他从生活的文化背景中汲取养分，从东方文化的深层次内涵思考本真，以澄澈而富足的思辨与多年积累的艺术功力相统摄，从而在作品中呈现出一种和合文化的底蕴和心境。"),
 (31,"Habitats","池社","","2023-4-6","2023-5-31","11:00:00","17:00:00","上海市","市辖区","徐汇区","龙腾大道2555-4",
 "免费","https://mp.weixin.qq.com/s/S1GUElpxkEL_4wIhtFTdvQ","images/Habitats.jpg","艾米莉·梅·史密斯1979年出生于德克萨斯州奥斯汀市，目前在纽约布鲁克林生活和工作。史密斯的作品被全球各大艺术机构广泛收藏，包括：军械库当代艺术馆（蒙特利尔）、布兰顿美术馆（奥斯汀）、布鲁克林博物馆（布鲁克林）、哥伦布美术馆（哥伦布）、联合会博物馆（第戎）、达拉斯美术馆（达拉斯）、赫希洪博物馆和雕塑园（华盛顿特区）、洛杉矶郡立美术馆（洛杉矶）、洛杉矶当代美术馆（洛杉矶）、布兰德霍斯特博物馆（慕尼黑）、宝龙美术馆（上海）、沃兹沃思艺术学院美术馆（哈特福德）、惠特尼美国艺术博物馆（纽约）、Zuzeum艺术中心（里加）等。"),
 (32,"「视线」","沪申画廊","","2023-4-8","2023-6-4","10:00:00","18:30:00","上海市","市辖区","黄浦区","中山东一路三号 三楼",
 "免费","https://mp.weixin.qq.com/s/aKG1OUB5hS-bjzlZO8rjMg","images/视线.jpg","SGA沪申画廊很荣幸于四月举办群展「视线」。此次展览集结了四位中国当代艺术家：梁铨 、钱佳华、宋昕、张海君近年来的绘画、拼贴及纸本创作，并邀请吴蔚作为学术顾问。"),
 (33,"自我：新纪实摄影","上海摄影艺术中心","","2023-4-8","2023-7-29","10:30:00","17:30:00","上海市","市辖区","徐汇区","龙腾大道2555号-1",
 "40元","https://mp.weixin.qq.com/s/fFPEEjYbF0QTgXqk93BCIQ","images/自我.jpg","上海摄影艺术中心荣幸呈现摄影展览\“自我：新纪实摄影\”，作品来自五位中国青年艺术家——陈荣辉、廖逸君、马海伦、许海峰和张博原。展览通过他们创作的46件作品，带领观众重新思考\“纪实摄影\”在艺术领域的定义和用法。作为西岸文化艺术季·2023春夏重要展览项目之一，本次展览用小说的叙事展开\“纪实摄影\”，触摸人与人、人与环境间的情绪，同时带领观众在每帧画面中亲历时代的特性。从许海峰和张博原到陈荣辉、廖逸君和马海伦，这些年轻的摄影师和艺术家们用写小说的方式从事着纪实摄影。一帧帧画面中可能隐藏着，也可能翻开了一个个故事。欢迎每一位观众步入展厅，观看、感受、亲历每一张充满温度的影像。"),
 (34,"江立宁《ISO》","工作室画廊","","2023-4-8","2023-5-28","10:30:00","18:00:00","上海市","市辖区","静安区","长乐路888号",
 "免费","https://mp.weixin.qq.com/s/KPrFLm7TmAUKzJRiZ7DsHg","images/江立宁.jpg","\“ISO\”（感光度）作为一个摄影术语，表示对光线的敏感度。与胶卷或数码感光元件不同的是，人眼对光捕捉的\“看见\”不只是对光子的感应，是掺入心理状态的\“感知\”。因而将其引入对于江立宁创作方式的观察也不失为一种新鲜而贴切的视角：借助日常经验中对空间的注视，从对光影的身体感知，到镜头捕捉，再到电脑编辑，将具象进行剥离、隐藏和重现，转化出一种克制且隐秘的图像结果，通过传统油画的绘制方式试图将不确定的微妙状态与情感视觉化。"),
 (35,"线象 版画艺术展","尚艺画廊","","2023-4-8","2023-5-27","10:00:00","19:00:00","上海市","市辖区","徐汇区","东安路888号",
 "免费","https://mp.weixin.qq.com/s/hFErc7JKiSb-9R4uQ1tCGQ","images/线象.jpg","展览邀请了来自比利时的著名版画艺术家Ingrid Ledent，中国版画艺术代表人物卢治平以及3位年轻版画艺术家方小龙、王嘉逸、贾玉飞共同呈现。这些艺术家们来自多元的文化环境，不同的时代，并使用多样的版画创作媒介与技法，跨越\“时间线\”地以艺术语言进行对话，分别从个人创作的主观情绪表达中出发，对时间、人与空间的相互关系进行辩证的思考，用抽象、极致表现的当代艺术手法分享不同状态下的多重\“线象\”。"),
 (36,"王水：生生","上海外滩美术馆","","2023-4-1","2023-6-11","10:00:00","18:00:00","上海市","市辖区","黄浦区","虎丘路20号",
 "40元","https://mp.weixin.qq.com/s/6rmU6-ykheuxzJl7IntUcg","images/生生.png","上海外滩美术馆（RAM）欣悦呈现常驻纽约的艺术家王水（WangShui，出生于1986年，美国）的首场美术馆个展\“生生\”（poiesis）。这也是RAM艺术总监朱筱蕤（X Zhu-Nowell）上任后策划的首个展览。王水在创作中运用复杂技术呈现缥缈质感，其艺术实践涉猎广泛，在多层次的绘画、装置与影像中揉入诗歌与控制论。展览英文标题取自古希腊语ποίησις（poíēsis），意为\“无中生有，创造\”。以此为题，展览力图呈现王水对人机之间替代性合作模式的艺术探索，这位非二元性别艺术家将该模式称为\“融合多方动因\”（integrating diverse agents）。此次参展作品均为首次展出，集中呈现了王水独特艺术实践的最新面貌。创造力的源泉是否唯有人类意志？艺术家在展览中提出了这一问题，并探询感知的逻辑与（不）可见性的政治。"),
 (37,"微暗的火","AIKE","","2023-4-15","2023-5-20","10:00:00","18:00:00","上海市","市辖区","徐汇区","龙腾大道2555号6号楼",
 "免费","https://mp.weixin.qq.com/s/FHKkCQqiIIkf_EboBMS_zg","images/微暗的火.png","AIKE荣幸呈现群展项目\“微暗的火\”，展览汇集了3位艺术家贺勋、黄含康和郑梓程近年来的绘画创作，本次展览邀请观众反思存在的脆弱性与重生的可能性。展期将从2023年4月15日持续至5月20日。这个展览是对存在和遗忘之间、黄昏和黎明之间、梦想和现实相交之处的边缘空间的探索。展览捕捉到了\”微暗的火\”这个比喻的难以捉摸和短暂性，并邀请观众反思他们自己关于希望、失落和蜕变的经历。每件作品以各自的方式阐释这个比喻进而呈现出不同的视角。本次展览见证了艺术蜕变的力量，提醒观众生命的短暂和艺术的永恒力量可以激励、治愈和启迪。展期内将委托创作一部以展览作品的视觉叙事为灵感的短篇小说。通过邀请一位小说家与每位艺术家互通有无，展览也意图为本地文学与视觉艺术界之间增进联系。"),
 (38,"轰鸣-郑宏祥个展","八大画廊","","2023-4-15","2023-5-31","12:00:00","18:00:00","上海市","市辖区","普陀区","莫干山路50号M50艺术区4号楼A1",
 "免费","https://mp.weixin.qq.com/s/rTX94FadK7NWfRVLejuOcA","images/轰鸣.jpg","艺术家郑宏祥过去透过符号与其延伸的绘画可能性，为这样的社会背景留下注解，在新的创作脉络中，利用形式上的可能性与尝试下的分歧介入，使作品面貌迎来更多维度，也兼容了更多语汇，让创作脉络上的哲理更加贴近于本质上的深邃，也解决了在上述时空条件之下感受再现的困难。透过资讯过载的残章、破碎意象累积的歧异重新定义图像，这样的展现没有服务任何人，是意识的纪实，有着只有艺术本身才能对艺术进行注解的态度，其背后浓缩了工业变迁到网路时代夺权的时间长河，见证各样人群阶层的兴衰，群众的意识及肢体行为所落下的残片与残影也在其中，过往作品中显著的符号性在创作推衍下或许更加抽象，却更精准的捕捉由碎片化时代所组织而成的社会风景，塑造出另一类的秩序与平衡。"),
 (39,"回眸——上海百年纪事人物画苑作品展","外滩18号久事艺术空间","","2023-3-25","2023-5-21","10:00:00","18:00:00","上海市","市辖区","黄浦区","中山东一路18号",
 "免费","https://mp.weixin.qq.com/s/ibyar2W7EWIFN7evSrc79g","images/回眸.jpg","自1843年上海开埠以来，过去的百年间上海城市性格在历史沧桑与文明激荡中淬炼升华，为上海的书画、戏曲、诗歌等各类艺术表达形式提供了天然的创作养分。如今的上海，融东西之风华，固海派之精神，在这海纳百川的包容性所孕育的文明面前，一场生动记录了百年风云流转的展览呼之欲出。本次展览，汇集了一批经验丰富的资深人物画艺术家，他们本着匠心精神，通过前期大量的考察与调研，以真实的历史素材为基础进行融合和再创作，以此来\“刻画\”上海这座城市的历史印记。这些艺术家为本次展览所创作的作品，既保持了国画的格调，又极具通俗的观赏性，是对新时代中国人物画新风貌的全新演绎。"),
 (40,"与之相伴 | 富邦华一银行当代艺术项目六周年","新国际大厦","","2023-3-28","2023-8-31","11:00:00","17:00:00","上海市","市辖区","浦东新区","浦东南路360号",
 "未知","https://mp.weixin.qq.com/s/vYkNCU7sYg7UrFB0bDHiQA","images/与之相伴.png","今年是富邦华一银行携手杜若云章共同呈现艺术项目的第六年。一路芳华，有欣喜的美好、有难忘的回忆，还有互相扶持前行的力量。旅途中，我们与新的人相遇、相识与相伴；另一方面，我们有相应的内省与致知。此次策划\“与之相伴 - 富邦华一银行当代艺术项目\”，精选七位国内外优秀艺术家，马蒂亚斯·桑切斯、约尔迪·里贝斯、乔恩·伯格曼、平子雄一、山姆·弗里德曼、斯力洪·乔杜里、陈露露，这些独具个人风格的作品，体现着他们对于现阶段的思考与探索。当我们与这些作品所处的时间与空间交错，当我们与这些作品相遇，又会产生怎样的火花，亦会有着怎样的思索呢？"),
 (41,"龙与士——明代中国的书法和绘画艺术特展","龙美术馆（西岸馆）西楼展厅","","2023-3-25","2023-6-18","10:00:00","18:00:00","上海市","市辖区","徐汇区","龙腾大道3398号",
 "280元","https://mp.weixin.qq.com/s/89LfB7gLBVX3zwLj0N2Jgg","images/龙与土.jpg","继龙美术馆十周年系列展之清代篇\“群星璀璨时——四王吴恽与四僧书画艺术特展\”后，2023年3月25日至6月18日，龙美术馆（西岸馆）将继续推出十周年系列展之\“龙与士——明代中国的书法和绘画艺术特展\”，由龙美术馆创始人、收藏家刘益谦担任总策划，谢晓冬策展，展出83件（组）明代书画珍品。"),
 (42,"永恒与一日——当代漆艺展","可见光艺术空间","","2023-3-18","2023-5-18","10:00:00","19:00:00","上海市","市辖区","黄浦区","绍兴路25弄2号",
 "280元","https://mp.weixin.qq.com/s/nZBQ4pD94ssuf__6I6Z-uw","images/永恒与一日.jpg","\“永恒与一日\”作为本次漆展的主题，描述的是漆艺创作中等待与凝结的过程。同时每个漆艺术家在具体的当代生活与漆艺创作过程中，面对着各种矛盾与拷问，凝结出一个个具有独特印记的\“永恒与一日\”。本次展览呈现了来自各大院校、各个年龄阶段共13位漆艺术家的作品，类别涵盖漆平面、立体、器皿，也是可见光空间首次漆艺主题的展览。旨在通过当代的视角和手法，使漆艺这一古老、传统的工艺门类穿越时间的尘埃焕发出新的魅力。只有爱能使时间的流逝变得甜美，也唯有爱才使时光驻留凝结。"),
 (43,"瑞秋·琼斯中国首次个展\“断裂之根\”","龙美术馆（西岸馆）西楼展厅","","2023-3-18","2023-5-28","10:00:00","18:00:00","上海市","市辖区","徐汇区","龙腾大道3398号",
 "280元","https://mp.weixin.qq.com/s/HUJNzkQD5ooN_0h1Ri40PQ","images/断裂之根.jpg","本次展览是琼斯在中国的首次个展，将呈献艺术家20件最新画作，包含艺术家创作的经典主题。通过使用油画棒和粉彩等媒介，琼斯在未伸展的画布上构筑起一个万花筒般引人入胜的世界，她以极具变化和冲突的方式将抽象的主题、色彩和材料并置，并由此备受推崇。琼斯的作品曾于欧洲和美国的众多个展和群展中展出，亦被多家知名艺术机构收藏，包括龙美术馆、荷兰阿姆斯特丹市立博物馆、美国马里兰州巴尔的摩艺术博物馆、洛杉矶当代艺术博物馆、纽约哈莱姆工作室博物馆和英国伦敦泰特美术馆。"),
 (44,"每一次沉默都是隐蔽空间","修道院公寓二层，花厅计划","","2023-3-18","2023-6-24","10:00:00","18:00:00","上海市","市辖区","徐汇区","复兴西路62号",
 "免费","https://mp.weixin.qq.com/s/sTV_KHcavdKStLXrxil1DA","images/每一次沉默都是隐蔽空间.png","道院公寓成为了一栋存储自旧法租界发展至今的博物馆，且其自身就是博物馆的展品。然而，它是否也成为了阿多诺所谓德语中的museal，即仅成为了\“像博物馆那样\”（museum like），而失去了与人切身的关联。在留存建筑与物质遗产的同时，有多少人的活动是我们能够从时光中留住的？日本艺术家藤井光的实践聚焦于福岛核事故之后，以此诘问我们是否还有记录和再现历史的能力。博物馆对历史的重新诠释，是否也是对历史的威胁，这些被构建的意义与秩序是否能够真的帮助我们看见过去时空的真实？格鲁吉亚艺术家瓦吉科·恰齐亚尼在《冬日未至》（2017年）中探讨了个体与集体记忆之联系，隐含从宏大叙事中释放的态度。徐喆的新作《裂隙蜉蝣》（2023年）从一个人的生命经验出发，最终回归到个体与个体之间的关照。每一个人既是历史当中最难以捕捉的，但也终究是历史的核心。"),
 (45,"作为替代性艺术实践的自印本","多伦现代美术馆","","2023-3-18","2023-5-21","10:00:00","18:00:00","上海市","市辖区","虹口区","多伦路27号",
 "免费","https://mp.weixin.qq.com/s/6uahFkOCBn7zvNTez1M0tQ","images/自印本.jpg","\“作为替代性艺术实践的自印本\”将于2023年3月18日至5月21日在上海多伦现代美术馆展出。本次展览由上海多伦现代美术馆主办，施瀚涛担任策展人，厉致谦担任视觉总监，邀请参展机构/艺术家：桂林公园、香蕉鱼、小龙花、假杂志、51人、真姨书房、复印info、刺纸、木刻波流、无像、一树、btr、3type。"),
 (46,"武晨 三月三十二日","乔空间","","2023-3-10","2023-7-16","12:00:00","18:00:00","上海市","市辖区","徐汇区","龙腾大道2555号",
 "78元","https://mp.weixin.qq.com/s/iCTvNh8deRgEUEniZK6kTw","images/武晨.jpg","武晨的绘画借用艺术史中的图像结构，并在更广阔的视觉库中汲取与之接洽的顺延部分——讽刺漫画、年画、广告甚至游戏中的样式。后者，即当代通俗文化的视觉构造，将武晨所引用的中世纪晚期直至文艺复兴艺术中的坚固感和纵深感削弱，使画面趋于扁平。尽管兼收并蓄不同源流的图像记忆，他的绘画没有尽力强调气势憾人的纪念碑性和宗教意味，也未着眼于推崇人性光芒的人文气息。他的绘画不设立崇高的标的，只挥洒玩世不恭的笨拙，并暗示这样一个惊世骇俗的观点：笨拙在伟大精妙的经典绘画中业已存在，只是被人们的眼睛长期忽视。"),
 (47,"VISIONS COME TRUE远景成真","chi K11美术馆","","2023-3-3","2023-5-28","10:00:00","20:00:00","上海市","市辖区","黄浦区","淮海中路300号",
 "78元","https://mp.weixin.qq.com/s/ovU8eVH7lA9Ml6-p4jencg","images/远景成真.png","伴随人工智能的发展与应用，人类与机器之间如何依存共生？混合/合成智能是否已成为现实？2023年3月3日至5月28日，上海K11购物艺术中心（以下简称\“上海K11\”）联袂玛丽娜·阿布拉莫维奇、里克力·提拉瓦尼、林科等8位（组）国内外跨学科艺术家呈现多元视像数字艺术展——《VISIONS COME TRUE远景成真》，在\“视像\”与\“幻象\”虚实交错的世界中为观者带来启示。借助实验影像、计算机算法、人工智能（AI）实时模拟、数字互动装置等多媒介形式，启动观者的双眼与大脑，协调、配合、理解这些视觉作品。艺术家们以跨材质、跨学科、跨领域的先锋艺术表达，提供8种思考原型与视角，探讨物理世界的人类与数字虚拟世界中人工生命(artificial life)和人件(peopleware)之间的相互关系，在艺术语境下观察人类如何突破自身认知局限，思考人与人造物的关系，不断迭代、更新人的自然感知以及人对世界的理解。"),
 (48,"「屏墨春秋」老屏风书画精品特展","上海近代艺术馆","","2023-3-8","2023-8-31","10:00:00","18:00:00","上海市","市辖区","浦东新区","滨江大道2727号B2层",
 "78元","https://mp.weixin.qq.com/s/Cnj2Ir8Bq5qPda_tq1WqPw","images/屏墨春秋.jpg","此次\“屏墨春秋\”主题特展特邀海派书画领军人物朱鹏高及李寅初、萧守棉、沈建德、林玉祥、严平、葛幸福、金祥龙、洪九位德高望重的书画名家，于上海近代艺术馆同台亮相屏风作品。他们将青绿山水、工笔花鸟、书法等中国书画元素在老屏风上完美呈现赋予了每一扇屏风无尽的艺术内涵。"),
 (49,"\“明日之民\”互动装置展","西岸美术馆","","2023-3-8","2023-8-31","10:00:00","17:00:00","上海市","市辖区","徐汇区","龙腾大道2600号",
 "80元","https://mp.weixin.qq.com/s/CT58YPm0-cE_lG6zbKNuFA","images/明日之民.png","4大体验版块、8个艺术互动装置，设计、绘画、音乐、诗歌、色彩… 一系列交互体验贯穿整个展览，邀请每一位童心未泯的人浸入其中，寻获保持天真的魔法之钥。"),
 (50,"UNSEEN 无形之形","Dest Gallery","","2023-3-4","2023-6-18","10:00:00","18:30:00","上海市","市辖区","静安区","陕康里8号楼底层",
 "26元","https://mp.weixin.qq.com/s/AftxyKwSIJCt9N5nWQS_cw","images/无形之形.jpg","此次展出将以Morghen Studio的代表作系列灯具为主线铺开，与此同时我们还邀请了一对意大利摄影师Matteo Bellomo & Stefania Zanetti共同合作对Morghen Studio进行拍摄。两位摄影师将用自己的视角记录叙述他们镜头中的工作室及设计艺术工作的幕后故事。最终，Morghen工作室的展品，以及其本身作为摄影作品主角的影像，将在Dest Gallery一同呈现给观众。"),
 (51,"YOU AS ME 你和我","昊美术馆","","2023-2-17","2023-5-28","12:00:00","20:30:00","上海市","市辖区","浦东新区","祖冲之路2277弄1号",
 "免费","https://mp.weixin.qq.com/s/dXDAIHUqUPkE4ph9Qkj3Kg","images/你和我.jpg","本次展览作为昊美术馆（上海）开馆五周年举办的特别展览，精选馆藏作品中包括Lee Bul、刘韡、张培力、林天苗、Carsten Nicolai、Markus Lüpertz在内的20多位国内外艺术家的30余件装置和影像作品。和以往以线性时间为脉络，对馆藏作品进行标签的方式不同，本次展览以\“同时代的人是紧紧保持对自己时代的凝视\”为线索，以\“你和我\”为名，在展厅中，\“你和我\”即与空间对话的直接核心，填补了主体与场景的缺席；对世纪悲剧的发生做出反思，于当代事件和过去参考之间取得联系；从社会学的角度定义时间，将\“当下\”作为过去与未来的划分点；从社会装置出发，从文化的层面瓦解和反转语言；再认识物质肉体之外的文化表征，对抗碎片化的数字世界；并在数字世界中，转变为无法注销的有机生命形式。"),
 (52,"\“开启START\”星美术馆开馆展","星美术馆","","2022-12-30","2023-5-21","10:00:00","17:00:00","上海市","市辖区","徐汇区","瑞宁路111号",
 "160元","https://mp.weixin.qq.com/s/URXpSgnfIMyuCXGS2j5UXw","images/开启START.jpg","八年含冰，不凉热血。开馆展题为\“开启START\”，象征意义浓厚：其英文START即为星美术馆的英文名称；而开馆首秀在新年到来之际向公众\“开启\”亦合时宜；更重要的是：星美术馆的团队有一种开辟未来的理想，他们希望中国当代艺术在现代化的国际格局中有新的出发，在上海这座世界文化城市中开启闪亮的贡献。开馆展\“开启START\” 由创办人、馆长何炬星先生领衔的策展团队精心布局，其成员多为跟随该馆筹备多年的研究专家。整场展览由85名（组）艺术家、88件作品组成，这些艺术家中最年长的生于1921年，最年轻的生于1988年。艺术家地籍分布包括中国、韩国、印度、美国、丹麦、巴西、英国、法国、意大利、德国、比利时、保加利亚、塞尔维亚等，涵盖了国际当代艺术最具时代性和代表性的一批艺术家。作品的时代力量感和创作想象力美学价值均将成为当代审美与文化表达的全新范式和未来经典。首展\“开启START\” 是星美术馆策展团队为开馆布局的第一个篇章。在整体策划中：开馆展将由四个连贯的展览组成，分别为\“开启START\”之第一季至第四季，每季历时5个月，为期2年。每一季均将以不同基调、不同视角来呈现，尽量保持艺术的多面性与复杂性。即使艺术家有重合，展现的作品也一定另有面貌。总体下来，四个连贯的开馆展览，历时20个月，将涉及全球当代艺术家超三百名，代表性作品超三百多件。"),
 (53,"「洄游」","余德耀美术馆","","2023-4-20","2023-5-20","11:00:00","19:00:00","上海市","市辖区","青浦区","蟠鼎路123弄8号",
 "80元","https://mp.weixin.qq.com/s/pKUXLUUwrDKm8lkfvgsNrQ","images/洄游.jpg","余德耀美术馆新馆首展「洄游」，从余德耀基金会藏品近1500件收藏中精选46组中外艺术家作品，涵盖绘画、雕塑、装置、摄影、影像等创作媒介。展览将集中呈现余德耀基金会藏品中与\“家\”的意象有关的创作，艺术家们从平凡普通的物质、日常生活经验、个体记忆或梦境、持续或重复性的个人实践、以及对历史和社会议题的思考切入，探寻个体存在、物我关系以及时空流转等永恒的命题。"),
 (54,"玉楮流芳：上海博物馆藏宋元古籍展","上海博物馆","","2023-5-16","2023-8-13","09:00:00","17:00:00","上海市","市辖区","黄浦区","人民大道201号",
 "免费","https://mp.weixin.qq.com/s/KlO7bMX5AVctDWq5ZNCEhg","images/玉楮流芳.png","随着文明的发展，用于贮存记忆、传道授业、滋养心灵的书籍便大量地出现了。中国是世界上最早发明纸张和印刷术的国家，我们的出版业历史悠久,保存古代灿烂文化的典籍浩如烟海。宋元时期，文化昌盛，科技进步。在新的时代思潮下，文学、史学、艺术高度发展。与此同时，造纸、制墨、印刷技术达到了新的高度，而这些都为书籍的刊刻、印制创造了条件，中国古代图书事业也就此步入了黄金时代。宋元年间刊刻的典籍多达数万种，然而流传至今，存世稀少。上海博物馆收藏了数十部宋元古籍，多为至精至美的稀见善本，甚至是孤本，兼具版本文献价值、学术研究价值和艺术审美价值。本次展览中，上博所藏之66部宋元典籍将面向公众展示，可谓千年典籍的首次精彩呈现。"),
 (55,"徒步中国：未曾讲述的故事","上纽ICA艺术馆","","2023-5-20","2023-8-12","11:00:00","18:00:00","上海市","市辖区","浦东新区","杨思西路567号",
 "免费","https://mp.weixin.qq.com/s/Zo-uKoJ5nOmwT9b-6FG9nQ","images/徒步中国.jpg","本次展览与\“永远的行走\”（也称\“走出伊甸园\”计划）项目共同合作，由普利策奖得主、国家地理探险家和上海广播电视台纪录片中心外籍专家保罗·萨洛佩科（Paul Salopek）以及电影与文学研究者柯芜君共同策划，为观众呈现古代人类迁移路线上中国段的故事。参展艺术家包括保罗行走路上的伙伴、沿途遇到的民间艺术家，以及对行走有深入思考的艺术家。\“徒步中国\”展览通过发掘被主流话语掩盖的地方叙事，讲述跨越学科、知识体系、认识方式的本土故事，重新思考自然和文化之间的关系，以及历史与身份的流动性。徒步，不同于现代生活的疾速步伐，它提供了一种以过程为导向的方法，帮助人们建立意料之外的连结，使被压抑和遗忘的过往得以复苏。行走，不仅仅是行走，而是穿梭时空的漫步，是对隐藏真理的探寻、是倾听、是讲故事。艺术家们用行走的方式，揭开生态和技术的面纱，跨越无形的边界，记录发生在中国的身心之旅，追寻历史徘徊的踪迹。漫步在展览中，如同穿梭在行道与小径间，观众将聆听来自少数民族和身心障碍者的故事，阅读草原和山川，目睹历史的沧桑和变迁。所有的叙述交织、重叠在一起，向彼此发问，也向我们发问：人们对过去、未来和日常之外的世界承担着怎样的责任？我们忽视压抑了什么样的故事？有哪些故事还未曾讲述？"),
 (56,"跨越时空的凝视——藤村真绘画对话中国古瓷","北外滩艺术馆","","2023-5-12","2023-6-18","11:00:00","17:00:00","上海市","市辖区","虹口区","东大名路999号4F",
 "免费","https://mp.weixin.qq.com/s/klhv4NFZPPADiCv4O9857Q","images/跨越时空的凝视.jpg","2023年5月，北外滩艺术馆精心筹划，带来国际知名艺术家藤村真( Makoto Fujimura )绘画作品与馆藏官窑瓷器精品联展。以惊艳于世的色彩为媒介，跨越时空，美学对话，碰撞出二者和而不同的灵感之源。展品囊括藤村真蜚声国际艺术界的绘画作品十八幅，同时，艺术馆从馆藏珍品中，由色泽、气韵、渊源而发，臻选御窑精品；绘画与瓷器，当代与传世，对美的极致追求令其一脉相承，彼此唱和，共鸣于世。"),
 (57,"宋陵:「我也开始有欲望了」","昊美术馆","","2023-5-13","2023-7-9","12:00:00","20:30:00","上海市","市辖区","浦东新区","祖冲之路2277弄1号",
 "80元","https://mp.weixin.qq.com/s/pEgcW0IEdLIBOvZ0Mk50XA","images/我也开始有欲望了.jpg","昊美术馆很荣幸地宣布，将于5月13日在昊美术馆二楼展厅推出宋陵个展\“我也开始有欲望了\”，全面呈现近10年来，包括\“野生动物\”系列、\“虚构\”系列、\“临摹\”系列和\“物事生非\”系列在内的近百件作品。1988年宋陵移居澳洲，\“我也开始有欲望了\”是他在缺席中国社会快速发展的20年后，重返中国当代艺术现场时的一个内心独白，也是艺术家在面对当下社会现状和艺术生态时的一句调侃 。短暂的缺席终究为宋陵带来了新的创作维度。本次展览由鲁明军担任学术主持。"),
 (58,"意会-廖学军·黄剑波 上海双个展","宝龙艺术中心","","2023-5-18","2023-5-22","11:00:00","19:00:00","上海市","市辖区","闵行区","漕宝路3199号",
 "免费","https://mp.weixin.qq.com/s/Pf_rITnuqAjCc4xsEjb5wA","images/意会.jpg","廖学军的画布上仿佛奏响着美妙的乐章。他与生俱来的天赋和对于生活的敏锐嗅觉，大胆洒脱的构图，引领观者进入到极高的审美意境当中。对于材料的运用，画家有着独到的见解，油彩在画笔的一顿一挫间，挥洒自如，瀑布、群山、雾气被呈现的淋漓尽致。自然是一切创作的本源，是画家笔下最广阔的绘画题材。廖学军作为中国当代绘画的杰出代表，运用民族传统的绘画语言和当代写意的表现手段，再次为我们展现了中国山水画的博大精深与无穷魅力。他的作品是东西方文化的交融与生发，令人如饮甘泉，沁人心肺。"),
 (59,"启动力——当代潮流艺术展","上海参柒贰参美术馆A厅、B厅","","2023-4-22","2023-6-25","10:00:00","19:00:00","上海市","市辖区","浦东新区","银城路66号2层",
 "78元","https://mp.weixin.qq.com/s/e6783OA3J5kESoF4Hr2tXQ","images/启动力.jpg","这是一场以创意赋能潮流文化，以潮流文化丰富视觉创作的全新展览，这是一次在新时代背景下新颖、开放且充满创意与活力的艺术体验。此次展览集结了8位志同道合的青年艺术家们，在这个艺术空间中共同打破以往美术馆展览传统的、固有的策展局限所带来的限定与被动。从展陈设计这个环节开始就\“径直进入\”主题。以此为参展艺术家提供最大的创作及展示空间及可能，把创意及作品带入空间的同时，将空间纳入创作的思考范畴，并最终实现想法、作品、空间或其它元素的完美结合与碰撞，最终向观众展示一个全景式的创意集合。");

 INSERT INTO ex_review(id,name,venue_name, organizer,begin_date,end_date,begin_time,end_time,province,city,area,address,
                       ticket_info,link,poster_url,introduction) VALUES
 (5,"植物力量：一线古老的生机","上海浦东碧云美术馆二号展厅","上海市对外文化交流协会","2023-5-13","2023-7-16","10:00:00","17:00:00","上海市","市辖区","浦东新区","红枫路135号",
 "50元","https://mp.weixin.qq.com/s/QqllVXQ6ceKPDA7VUI3u9g","images/植物力量.jpg","联合国粮农组织将每年的5月12日定为\“国际植物健康日\”，以提高全人类对保护植物健康的认识。今年5月的上海，在一个美好的春夏里，碧云美术馆邀请24位中外艺术家和植物诗人，以\“植物力量：一线古老的生机\”为名而集体构建一次和植物有关的艺术创作。"),
 (6,"再次孟菲斯：设计革新1981-1985","上海艺仓美术馆","","2023-5-14","2023-7-30","10:00:00","18:00:00","上海市","市辖区","浦东新区","滨江大道4777号",
 "78元","https://mp.weixin.qq.com/s/7AoO2LqL5BbMoW0GwqkfBg","images/再次孟菲斯.jpg","作为20世纪最具创新性的后现代设计流派，孟菲斯成立伊始就激进挑战着现代主义的设计典范：造型夸张、用色大胆、个性张扬，重塑着设计的定义。从起源地米兰到上海艺仓美术馆，展览梳理回顾1981-1985年孟菲斯至关重要的发展脉络，呈现近200件最具代表性的家具及物件精彩设计之作；以全新的视觉形象与强烈的新文化氛围，带领观众走进孟菲斯充满想象力的梦幻设计世界。"),
 (7,"显性梦境：青年艺术家群展","Lutra Gallery 獭獭画廊","","2023-5-13","2023-6-11","10:00:00","18:00:00","上海市","市辖区","黄浦区","香港路117号F6 604",
 "免费","https://mp.weixin.qq.com/s/PQFZnzvDEmG82KgmzkzGmw","images/显性梦境.jpg","感知是人类与外界交互的基本方式之一，而人们对于外界事物的感知往往是多元的、综合的。同样地，艺术创作也往往蕴含多重感知的元素，这些元素反映了艺术家的文化、背景和经验。显性梦境（Manifest Content of Dreams）指的是当事人所能记忆而且可以陈述的梦境；其中包括人、事、物以及所有活动。这些元素在梦境中可能具有新的象征意义，因此对梦境者的心理状态、需求和潜在冲突等有很大的启示和暗示作用。本次展览选择了显性梦境作为主题，希望通过九位不同国家艺术家的作品，呈现出这些艺术家对于世界的多重感知和内化理解；以及这些感知背后所蕴含的文化、历史和社会背景。让我们透过艺术作品，一窥这些艺术家的美妙梦境。"),
 (8,"吴厚挺个展\“2066\”","东画廊","","2023-5-13","2023-6-30","10:00:00","18:00:00","上海市","市辖区","徐汇区","滨江龙腾大道2555-9号",
 "免费","https://mp.weixin.qq.com/s/KGQvtljOGLQL0oIgQf-VIw","images/吴厚挺.jpg","此次个展将集中呈现吴厚挺近年创作的15件雕塑作品，其形制所暗含的空间性、时间性与限制性揭示了实用商品在生产与流通领域中形成的间隙空间——一种被精巧设计的用具外部结构与临时的、转瞬既逝的被包装物所占据的物理空间与形态。"),
 (9,"奥利弗·比尔（Oliver Beer）「重组：夜宴」","虎丘路27号2层 阿尔敏·莱希 ","","2023-5-12","2023-6-24","11:00:00","19:00:00","上海市","市辖区","黄浦区","虎丘路27号2层",
 "免费","https://mp.weixin.qq.com/s/xvrAEotb694p-VQPWy5FRw","images/重组夜宴.jpg","青花瓷器从天花板悬挂下来；麦克风让每件瓷器独特的声音\“显形\”——这件互动声音装置是奥利弗·比尔在此次阿尔敏·莱希 - 上海个展「重组：夜宴」中的核心作品。来来往往的现场观众将触发与瓷器相连的传感器，谱出一曲永远在变化之中的沉浸式交响乐。每一只完好的瓷器都拥有一个特定的共鸣音符，尽管声音每时每刻都在变化，但其和声却始终如一。正是通过向我们揭示恒定之物，比尔反过来邀请我们观察时间流逝中确切发生变化的痕迹。这些瓷器仿佛是作为历史的见证者在与我们对话，讲述属于它们自己的命运故事。"),
 (10,"2023青花—器 两岸陶艺交流展","麦可将文旅村","中国陶瓷艺术家协会","2023-5-6","2023-5-31","10:00:00","18:00:00","上海市","市辖区","闵行区","联明路389号B栋104",
 "免费","https://mp.weixin.qq.com/s/omsN5JkABA5tna7551UFnA","images/青花器.jpg","白釉青花一火成，花从釉里透分明。可参造化先天妙，无极由来太极生。青花瓷，在白泥上勾勒青花，罩上一层薄且透明的釉，入窑一千三百度，浴火重生后的瓷器如冰雪覆青花，明净而素雅，古人说，这是天地造化。技艺在指尖传承，不知不觉，青花就开了一千多年。乍看上去，青花都是蓝，可若细细看去，蓝的环肥燕瘦，蓝的天南海北。青花在艺术家们的手中，赓续、革新，不断去探寻它更多的可能性。艺术家们将自己的经历和感悟融于作品，一物一器，经火熏染，在泥土一呼一吸间，青花笔墨一点一染间，赋予了它新的生机。"),
 (11,"熊言钧 XIONG YANJUN · LINGER 磐桓","五五画廊","","2023-5-14","2023-6-25","13:00:00","18:00:00","上海市","市辖区","普陀区","莫干山路50号4号楼A座112",
 "免费","https://mp.weixin.qq.com/s/vSWNKBHdDuGRAZJ5w3eVig","images/磐桓.jpg","这是熊言钧在\“随形\”（2021年）之后在五五画廊呈现的第二个个展。\“磐桓\”，语出易经屯卦初九爻。意谓万物混沌，阻塞郁结，当坚定持守，积蓄力量。\“磐桓\”后引申为\“盘桓\”，有徘徊、逗留之意。多重解读，都可指向一种在持续的压力下转化能量的想象，颇能切中熊言钧此一阶段的创作状态。"),
 (12,"超越BEYOND 2003-2023","明当代美术馆","明园集团","2023-5-6","2023-6-11","10:00:00","18:00:00","上海市","市辖区","静安区","永和东路436号",
 "60元","https://mp.weixin.qq.com/s/0gx2YyOknEy-hHa5omfqFQ","images/超越BEYOND.jpg","2023年5月6日至6月11日，明园集团将与明圆美术馆共同推出《超越BEYOND 2003-2023》明园艺术20年特展，并此彰见明园集团入沪30周年隆景，展览邀请了新世纪20年以来，最优秀的艺术家群体，探讨、研究各个年龄阶段不同的艺术个案，作为最具代表性的他们，如何影响我们的艺术感知，及艺术生态彼此互动转变，自是有非凡的价值和意义。文化现象与生命游感的双重交织，艺术家感知的时间区域与表达方式，那些连续变化着的思线幻化、汇集出个个时代的不同肖像，以及来自生命的、非物质领域的浮力与张力。"),
 (13,"前田 正宪 个展「观自在」GUAN","熏依社画廊","","2023-5-13","2023-7-9","11:00:00","19:00:00","上海市","市辖区","徐汇区","复兴中路1363弄3号楼108",
 "免费","https://mp.weixin.qq.com/s/cK9UtVWixMFf2okAovVL6Q","images/观自在.jpg","在日常生活中，我们总是被最亲近的人伤害。一切都在变化，那不确定性让我们不安和焦躁。越信任，越在意，所以不滴血的伤隐藏得深不知底。房间的地毯上一直会有扫不完的亮片，但谁也不愿揭穿那个秘密，因为即便如此也不想失去。很多偶然聚集在一起生成了一个必然，或许有些东西早已慢慢逝去。我却执着地原地踏步，舍不得走自己的路，回头却瞧见你的眼神在远方。独自站在暴风雨过后的蓝天下，眼前突现倒插了一道极短的彩虹，我没有惊喜雨后彩虹，却嫌弃起来彩虹的形状不够完美，停留的时间不够长。"),
 (14,"青格乐图个展《席地扎营》","美博美术馆","","2023-5-10","2023-5-28","10:00:00","17:00:00","上海市","市辖区","闵行区","黎明路88号",
 "免费","https://mp.weixin.qq.com/s/NxBb1AiBEpvjMeAbRIegug","images/席地扎营.jpg","《席地扎营》是青格乐图在上海的首次个人展览，精选了艺术家自2014年以来创作的二十余件绘画作品，现场将以\“乡愁\”、\“逃逸\”、\“三颗石头\”作为三个创作时段，循序渐进地带领观众认识艺术家的绘画语言与艺术哲学。"),
 (15,"许东荣油画个展","上海油画雕塑院美术馆","","2023-5-10","2023-5-19","10:00:00","17:00:00","上海市","市辖区","长宁区","虹桥街道金珠路111号",
 "免费","https://mp.weixin.qq.com/s/oDjUeQdCTFcI7jVGDCmxVQ","images/许东荣油画.jpg","\”鲲\”与\“鹏\”都是庄子比喻生命的伟大，变化性来自思想的不受局限，大而远至生物格局的演化。从\“鲲\”的庞大体积来比拟许东荣的雕塑特性 。\“鹏\”则表现了许东荣抽象画强调书法用笔的流畅，笔刷间对于云河、峡谷自在遨游的想象。\“鹏之背，不知其几千里也；怒而飞，其翼若垂天之云。\”形容了对生命的期许以及突破， 一只大鱼因为对天空的幻想， 进而突破生命原有的格局而成为一只鹏鸟飞上天空，一飞几千里远 。如同许东荣的创作由绘画演变至雕塑再走回绘画。"),
 (16,"消失的法老：胡夫金字塔沉浸式VR体验展","兴业太古汇L3多功能厅","","2023-5-12","2023-8-27","10:00:00","22:00:00","上海市","市辖区","静安区","南京西路789号",
 "198元","https://mp.weixin.qq.com/s/Wxws2_ZvTXCe3dh-WAwaNA","images/消失的法老.jpg","「消失的法老 Horizon of Khufu——胡夫金字塔沉浸式探索体验展」是一场 45 分钟的沉浸式虚拟现实体验，它将带领观众以前所未有的方式游览世界七大奇迹之首——胡夫金字塔。游客除了可以近距离了解金字塔的内部构造和历史脉络，探索从未向公众开放的神秘区域，还可以体验攀登金字塔顶部俯瞰吉萨高原全景的刺激感、穿越到4500年前的第四王朝时期在尼罗河上乘坐太阳船航行、或参加一场古埃及的祭祀仪式，领略无限神秘美景。揭开古埃及文明神秘的面纱。"),
 (17,"层起的表面","Vanguard画廊","","2023-3-18","2023-5-14","11:00:00","18:00:00","上海市","市辖区","普陀区","莫干山路50号4号楼A座204",
 "免费","https://mp.weixin.qq.com/s/jpx107jSG0rhoEyHW7ZWZg","images/层起的表面.jpg","Vanguard画廊将于 3 月 18 日呈现群展\“层起的表面\”，展出童义欣、利奥·阿诺德、余晓及汪晓芙等四位艺术家一系列不囿于二维平面的绘画性创作。四位艺术家虽身处各异的社会背景及职业阶段，但都尝试通过自身实践来延展当代语境下平面创作的边界。展览将持续至5月14日。"),
 (18,"示范：做决定技术的艺术","复星艺术中心","","2023-3-30","2023-5-14","10:00:00","18:00:00","上海市","市辖区","黄浦区","中山东二路600号",
 "100元","https://mp.weixin.qq.com/s/by8rjzOAUKTNVmfMDB90xA","images/做决定技术的艺术.jpg","二十余件影像、装置、综合媒介作品的对话呈现新一代中国与国际青年艺术家如何结合自身兴趣与研究领域，在算法、人工智能、虚拟世界等全新语境与挑战中，以技术反思技术，创造、发明、检验自己的反应与生命体验。"),
 (19,"踏雪寻梅：刘海粟美术馆馆藏梅花主题作品展","刘海粟美术馆","","2023-3-25","2023-5-14","9:00:00","17:00:00","上海市","市辖区","长宁区","延安西路1609号",
 "免费","https://mp.weixin.qq.com/s/BwCpRP4IVGI7BnColrHD6A","images/踏雪寻梅.jpg","研究中国传统意象是探源和传承中华文化根基的切入点，也是推动和活化中国传统文化创新性发展的重要方式。作为岁寒三友的代表之一，我馆计划将松、竹、梅三个中国古代传统意象的馆藏主题作品展形成系列展，此次\“踏雪寻梅：刘海粟美术馆馆藏梅花主题作品展\”为该系列的首展。展览入选上海市美术馆青年策展人成长计划,将展出27件入藏刘海粟美术馆以来首次出展的作品，也是刘海粟美术馆开馆以来展出古代藏品最多、最集中的一次展览。"),
 (20,"《\“你好！小朋友\”：秋山亮二与我们&捉迷藏：童年的显影》双联展","浦东碧云美术馆1、3号展厅","浦东碧云美术馆","2023-5-1","2023-6-30","10:00:00","17:00:00","上海市","市辖区","浦东新区","红枫路135号",
 "30元","https://mp.weixin.qq.com/s/fDR-SmcKl5MXQKxvCiJaZg","images/你好小朋友.jpg","展览分别呈现日本摄影师秋山亮二于1981-1982年间在中国拍摄的\“你好！小朋友\”系列，以及9位艺术家（团体）在近年来围绕童年视觉、记忆和行为等相关议题创作的作品。"),
 (21,"再见，长江西路301号","上海玻璃博物馆H5临展厅","","2023-4-28","2023-12-5","10:00:00","17:00:00","上海市","市辖区","宝山区","长江西路685号",
 "80元","https://mp.weixin.qq.com/s/Y_nZxkqe69hHWYNd2vGvDw","images/再见长江西路301号.jpg","\“长江西路301号\”，是上海玻璃博物馆前身上海玻璃仪器一厂曾经的地址，如今已在地图上消失了。门牌号码转变的背后不仅是行政街道区划的更改，同样也暗藏着深刻的时代变迁以及一个玻璃工厂的风风雨雨。在此次展览中，我们将回溯、追寻、探索上海玻璃仪器一厂的历史，为大家展现似乎已蒙尘的旧工业历史景象。"),
 (22,"王伊芙苓韬程：参差的对照","外滩美术馆","","2023-4-22","2023-7-9","10:00:00","18:00:00","上海市","市辖区","黄浦区","虎丘路20号外滩美术馆",
 "60元","https://mp.weixin.qq.com/s/mxD2OJ1NY-KUu8RlfWEaWw","images/参差的对照.png","本次展览标题取自张爱玲1944年发表的经典散文《自己的文章》。本篇中，张爱玲讲自己小说中的角色大多并不彻底。这些不彻底的人物并非英雄，但因为某种\“认真\”而是\“这时代的广大负荷者\”，没有悲壮而只有苍凉。正是这苍凉揭示了人类经验的真实。正如张爱玲所言：\“悲壮是一种完成，而苍凉则是一种启示。\” \“参差的对照\”是一场对颜色、美、完美和苍凉的探索。经由王伊芙苓韬程的中介，张爱玲和马丁的隔空对话徐徐展开。"),
 (23,"共代谢：滑稽史诗","静安区余姚路66号 Gallery All","","2023-4-28","2023-7-2","10:00:00","17:00:00","上海市","市辖区","静安区","余姚路66号",
 "免费","https://mp.weixin.qq.com/s/mMCZxiZecm9uMcxAGyivTA","images/滑稽史诗.jpg","\“滑稽史诗\”是共代谢工作室以艺术的名义实施的第一个项目。此次展览不再介入城市角落，而是依附于画廊的白盒子空间。作品虽然保留着设计的属性，但叙事的起点不再是如何以艺术的名义服务社会，而是\“美苏太空计划\”。本次展览展览呈现共代谢在2021年至2022年期间创作的20余件最新作品，展览以\“生活区\”和\“自反词\”两个章节重新演绎了这部\“滑稽史诗\”。"),
 (24,"雨果·德维切尔 Hugo DEVERCH?RE「远方」","杜梦堂","","2023-4-25","2023-6-1","11:00:00","19:00:00","上海市","市辖区","徐汇区","衡山路199号105栋",
 "免费","https://mp.weixin.qq.com/s/5EdgxQE-twf7PJ91ScUL2Q","images/远方.jpg","杜梦堂(上海)荣幸呈现法国艺术家雨果·德维切尔(Hugo DEVERCH?RE)在国内的首次个展\“远方\”。作为艺术家近年的研究项目之一，\“远方\”专注于太空探索的想象和发现新天体所产生的幻想，涵盖了以天体摄影、算法合成、光蚀刻等多种技术完成的系列摄影作品，以及多件结晶变化和霓虹装置作品。"),
 (25,"重返恐龙纪元-大型科普艺术巡回展","如美术馆","","2023-4-29","2023-8-31","10:00:00","18:00:00","上海市","市辖区","普陀区","天地科技园8号楼",
 "68元","https://mp.weixin.qq.com/s/ZsWmGDF1nLkXx7ADVwFxbw","images/重返恐龙纪元.jpg","本次展览以恐龙的演化进程为脉络，旨在将现场打造成为生长的自由观展空间，面积约2200平方米，共展出各类别的恐龙展品约200余件。其中恐龙及海洋生物复原模型107件、远生物群落复原场景2处、恐龙骨骼复原模型8组、恐龙头骨复原模型15件、微型恐龙生态景观28处、各类恐龙腿骨与脚趾骨复原模型36组件、科普影像7件、模拟恐龙科学家工作室一间，以及专为此次展览量身定制的一方恐龙光影世界的沉浸体验区，力图全方位地生动再现远古时期的恐龙生活场景。"),
 (26,"远望 陈墙 AFAR","艺博画廊","","2023-4-26","2023-5-25","11:00:00","19:00:00","上海市","市辖区","普陀区","上海市普陀区莫干山路50号6号楼101",
 "免费","https://mp.weixin.qq.com/s/46wnw6y_QzqduJpNeKdE6w","images/远望.jpg","自2019至2021年期间，我创作的大多数作品中，都会有一条分割线横穿画面中部，但那绝不是一条地平线，我也决意要绕开地平线的概念。我的用意只是希望能够用一条分割线打破画面的完整性，将它一分为二，让它在上下两个部分之间产生一个基本的矛盾关系。绘画本就是关于强调与平衡诸多关系的绘画，对关系的把握也能直接影响我们对信息质量的把握。关系也能让感知的存在具有重要的意义。"),
 (27,"韶光溅——园林美学主题展","云间第一展厅 ꔷ RENOWN咖啡艺术空间","上海之根文化传媒有限公司","2023-4-18","2023-5-18","10:00:00","17:30:00","上海市","市辖区","松江区","人民南路6弄69号4F",
 "免费","https://mp.weixin.qq.com/s/3pZnpyNKHe48X-Rlk_xuCQ","images/园林美学.jpg","展览\“韶光溅\”将于2023年4月18日，在松江文化新地标云间第一展厅内的RENOWN咖啡艺术空间正式揭开帷幕。本展览由上海之根文化传媒有限公司与云间第一展厅主办，以\“韶光溅\”为题，邀请艺术家何娴倩先生描绘园林里的各色景致将江南园林呈现至观众面前。"),
 (28,"西方人物绘画400年：东京富士美术馆藏精品展","宝龙美术馆","","2023-4-19","2023-7-23","10:00:00","18:00:00","上海市","市辖区","闵行区","漕宝路3111弄",
 "158元","https://mp.weixin.qq.com/s/ihHlP4tBa6vMlBBUKEM4Ew","images/西方人物绘画.jpg","近60件横跨16世纪至20世纪的史诗级艺术瑰宝真迹，巴洛克宫廷画家凡·戴克、新古典主义大师安格尔、浪漫主义大师戈雅与德拉克洛瓦、维也纳分离派绘画大师克里姆特、超现实主义大师夏加尔与马格利特、形而上画派代表人物德·基里科、波普艺术领袖安迪·沃霍尔......这些西方绘画史上灿若繁星的名字，世界级绘画大师们组成的阵容将在展厅中与您娓娓道来一部精彩恢弘的艺术\“天团\”，的西方人物绘画发展简史"),
 (29,"一份献给PSA的礼物：程昕东当代艺术作品捐赠展","上海当代艺术博物馆","","2023-4-16","2023-6-16","11:00:00","19:00:00","上海市","市辖区","黄浦区","苗江路678号",
 "免费","https://mp.weixin.qq.com/s/6A8UGcOzXNPhueNvnaQSdg","images/程昕东.jpg","上海当代艺术博物馆（PSA）将于2023年4月16日至6月16日推出\“一份献给PSA的礼物：程昕东当代艺术作品捐赠展\”，全面展出由程昕东先生捐赠PSA的19位国内外艺术家的46件当代艺术作品，涵盖绘画、摄影、影像、装置等多种形式。此次展览为第十七届中法文化之春的项目。作为第一代全球化背景下中国画廊家和收藏家，程昕东在过去三十年的工作中凭借其敏锐的洞察力和判断力，将许多优秀的西方艺术家引入国内介绍给中国观众，同时也将中国当代艺术家带往世界，其艺术收藏和推介行为积极推动了中国当代艺术的国际化进程。为了表达对PSA的艺术文化及收藏事业的支持，程昕东遴选了其个人收藏，将19位艺术家的46件作品作为一份\“礼物\”捐赠给到PSA，其中包括6位国际艺术家托米斯拉夫·布达、罗伯托·迪亚戈、巴拉佐·迪米提杰维奇、雷恩·弗朗斯西卡·罗古斯、让·皮埃·班斯曼、吉田公子，以及13位中国当代艺术家曹恺、陈羚羊、顾德新、高惠君、黄岩、林天苗、李永斌、李占洋、师建民、马六明、翁奋、王宁德、薛松的代表性创作。"),
 (30,"\“和合\”——翁道胜作品展","南希画廊","","2023-4-20","2023-5-20","11:00:00","19:00:00","上海市","市辖区","浦东新区","陆家嘴银城路66号2楼201B",
 "免费","https://mp.weixin.qq.com/s/s4WLJAfYoHRlhWYFlwJ0pQ","images/和合.png","天地万物共生共处，人与天调，然后天地之美生，这种天地之美吸引着翁道胜，他从生活的文化背景中汲取养分，从东方文化的深层次内涵思考本真，以澄澈而富足的思辨与多年积累的艺术功力相统摄，从而在作品中呈现出一种和合文化的底蕴和心境。"),
 (31,"Habitats","池社","","2023-4-6","2023-5-31","11:00:00","17:00:00","上海市","市辖区","徐汇区","龙腾大道2555-4",
 "免费","https://mp.weixin.qq.com/s/S1GUElpxkEL_4wIhtFTdvQ","images/Habitats.jpg","艾米莉·梅·史密斯1979年出生于德克萨斯州奥斯汀市，目前在纽约布鲁克林生活和工作。史密斯的作品被全球各大艺术机构广泛收藏，包括：军械库当代艺术馆（蒙特利尔）、布兰顿美术馆（奥斯汀）、布鲁克林博物馆（布鲁克林）、哥伦布美术馆（哥伦布）、联合会博物馆（第戎）、达拉斯美术馆（达拉斯）、赫希洪博物馆和雕塑园（华盛顿特区）、洛杉矶郡立美术馆（洛杉矶）、洛杉矶当代美术馆（洛杉矶）、布兰德霍斯特博物馆（慕尼黑）、宝龙美术馆（上海）、沃兹沃思艺术学院美术馆（哈特福德）、惠特尼美国艺术博物馆（纽约）、Zuzeum艺术中心（里加）等。"),
 (32,"「视线」","沪申画廊","","2023-4-8","2023-6-4","10:00:00","18:30:00","上海市","市辖区","黄浦区","中山东一路三号 三楼",
 "免费","https://mp.weixin.qq.com/s/aKG1OUB5hS-bjzlZO8rjMg","images/视线.jpg","SGA沪申画廊很荣幸于四月举办群展「视线」。此次展览集结了四位中国当代艺术家：梁铨 、钱佳华、宋昕、张海君近年来的绘画、拼贴及纸本创作，并邀请吴蔚作为学术顾问。"),
 (33,"自我：新纪实摄影","上海摄影艺术中心","","2023-4-8","2023-7-29","10:30:00","17:30:00","上海市","市辖区","徐汇区","龙腾大道2555号-1",
 "40元","https://mp.weixin.qq.com/s/fFPEEjYbF0QTgXqk93BCIQ","images/自我.jpg","上海摄影艺术中心荣幸呈现摄影展览\“自我：新纪实摄影\”，作品来自五位中国青年艺术家——陈荣辉、廖逸君、马海伦、许海峰和张博原。展览通过他们创作的46件作品，带领观众重新思考\“纪实摄影\”在艺术领域的定义和用法。作为西岸文化艺术季·2023春夏重要展览项目之一，本次展览用小说的叙事展开\“纪实摄影\”，触摸人与人、人与环境间的情绪，同时带领观众在每帧画面中亲历时代的特性。从许海峰和张博原到陈荣辉、廖逸君和马海伦，这些年轻的摄影师和艺术家们用写小说的方式从事着纪实摄影。一帧帧画面中可能隐藏着，也可能翻开了一个个故事。欢迎每一位观众步入展厅，观看、感受、亲历每一张充满温度的影像。"),
 (34,"江立宁《ISO》","工作室画廊","","2023-4-8","2023-5-28","10:30:00","18:00:00","上海市","市辖区","静安区","长乐路888号",
 "免费","https://mp.weixin.qq.com/s/KPrFLm7TmAUKzJRiZ7DsHg","images/江立宁.jpg","\“ISO\”（感光度）作为一个摄影术语，表示对光线的敏感度。与胶卷或数码感光元件不同的是，人眼对光捕捉的\“看见\”不只是对光子的感应，是掺入心理状态的\“感知\”。因而将其引入对于江立宁创作方式的观察也不失为一种新鲜而贴切的视角：借助日常经验中对空间的注视，从对光影的身体感知，到镜头捕捉，再到电脑编辑，将具象进行剥离、隐藏和重现，转化出一种克制且隐秘的图像结果，通过传统油画的绘制方式试图将不确定的微妙状态与情感视觉化。"),
 (35,"线象 版画艺术展","尚艺画廊","","2023-4-8","2023-5-27","10:00:00","19:00:00","上海市","市辖区","徐汇区","东安路888号",
 "免费","https://mp.weixin.qq.com/s/hFErc7JKiSb-9R4uQ1tCGQ","images/线象.jpg","展览邀请了来自比利时的著名版画艺术家Ingrid Ledent，中国版画艺术代表人物卢治平以及3位年轻版画艺术家方小龙、王嘉逸、贾玉飞共同呈现。这些艺术家们来自多元的文化环境，不同的时代，并使用多样的版画创作媒介与技法，跨越\“时间线\”地以艺术语言进行对话，分别从个人创作的主观情绪表达中出发，对时间、人与空间的相互关系进行辩证的思考，用抽象、极致表现的当代艺术手法分享不同状态下的多重\“线象\”。"),
 (36,"王水：生生","上海外滩美术馆","","2023-4-1","2023-6-11","10:00:00","18:00:00","上海市","市辖区","黄浦区","虎丘路20号",
 "40元","https://mp.weixin.qq.com/s/6rmU6-ykheuxzJl7IntUcg","images/生生.png","上海外滩美术馆（RAM）欣悦呈现常驻纽约的艺术家王水（WangShui，出生于1986年，美国）的首场美术馆个展\“生生\”（poiesis）。这也是RAM艺术总监朱筱蕤（X Zhu-Nowell）上任后策划的首个展览。王水在创作中运用复杂技术呈现缥缈质感，其艺术实践涉猎广泛，在多层次的绘画、装置与影像中揉入诗歌与控制论。展览英文标题取自古希腊语ποίησις（poíēsis），意为\“无中生有，创造\”。以此为题，展览力图呈现王水对人机之间替代性合作模式的艺术探索，这位非二元性别艺术家将该模式称为\“融合多方动因\”（integrating diverse agents）。此次参展作品均为首次展出，集中呈现了王水独特艺术实践的最新面貌。创造力的源泉是否唯有人类意志？艺术家在展览中提出了这一问题，并探询感知的逻辑与（不）可见性的政治。"),
 (37,"微暗的火","AIKE","","2023-4-15","2023-5-20","10:00:00","18:00:00","上海市","市辖区","徐汇区","龙腾大道2555号6号楼",
 "免费","https://mp.weixin.qq.com/s/FHKkCQqiIIkf_EboBMS_zg","images/微暗的火.png","AIKE荣幸呈现群展项目\“微暗的火\”，展览汇集了3位艺术家贺勋、黄含康和郑梓程近年来的绘画创作，本次展览邀请观众反思存在的脆弱性与重生的可能性。展期将从2023年4月15日持续至5月20日。这个展览是对存在和遗忘之间、黄昏和黎明之间、梦想和现实相交之处的边缘空间的探索。展览捕捉到了\”微暗的火\”这个比喻的难以捉摸和短暂性，并邀请观众反思他们自己关于希望、失落和蜕变的经历。每件作品以各自的方式阐释这个比喻进而呈现出不同的视角。本次展览见证了艺术蜕变的力量，提醒观众生命的短暂和艺术的永恒力量可以激励、治愈和启迪。展期内将委托创作一部以展览作品的视觉叙事为灵感的短篇小说。通过邀请一位小说家与每位艺术家互通有无，展览也意图为本地文学与视觉艺术界之间增进联系。"),
 (38,"轰鸣-郑宏祥个展","八大画廊","","2023-4-15","2023-5-31","12:00:00","18:00:00","上海市","市辖区","普陀区","莫干山路50号M50艺术区4号楼A1",
 "免费","https://mp.weixin.qq.com/s/rTX94FadK7NWfRVLejuOcA","images/轰鸣.jpg","艺术家郑宏祥过去透过符号与其延伸的绘画可能性，为这样的社会背景留下注解，在新的创作脉络中，利用形式上的可能性与尝试下的分歧介入，使作品面貌迎来更多维度，也兼容了更多语汇，让创作脉络上的哲理更加贴近于本质上的深邃，也解决了在上述时空条件之下感受再现的困难。透过资讯过载的残章、破碎意象累积的歧异重新定义图像，这样的展现没有服务任何人，是意识的纪实，有着只有艺术本身才能对艺术进行注解的态度，其背后浓缩了工业变迁到网路时代夺权的时间长河，见证各样人群阶层的兴衰，群众的意识及肢体行为所落下的残片与残影也在其中，过往作品中显著的符号性在创作推衍下或许更加抽象，却更精准的捕捉由碎片化时代所组织而成的社会风景，塑造出另一类的秩序与平衡。"),
 (39,"回眸——上海百年纪事人物画苑作品展","外滩18号久事艺术空间","","2023-3-25","2023-5-21","10:00:00","18:00:00","上海市","市辖区","黄浦区","中山东一路18号",
 "免费","https://mp.weixin.qq.com/s/ibyar2W7EWIFN7evSrc79g","images/回眸.jpg","自1843年上海开埠以来，过去的百年间上海城市性格在历史沧桑与文明激荡中淬炼升华，为上海的书画、戏曲、诗歌等各类艺术表达形式提供了天然的创作养分。如今的上海，融东西之风华，固海派之精神，在这海纳百川的包容性所孕育的文明面前，一场生动记录了百年风云流转的展览呼之欲出。本次展览，汇集了一批经验丰富的资深人物画艺术家，他们本着匠心精神，通过前期大量的考察与调研，以真实的历史素材为基础进行融合和再创作，以此来\“刻画\”上海这座城市的历史印记。这些艺术家为本次展览所创作的作品，既保持了国画的格调，又极具通俗的观赏性，是对新时代中国人物画新风貌的全新演绎。"),
 (40,"与之相伴 | 富邦华一银行当代艺术项目六周年","新国际大厦","","2023-3-28","2023-8-31","11:00:00","17:00:00","上海市","市辖区","浦东新区","浦东南路360号",
 "未知","https://mp.weixin.qq.com/s/vYkNCU7sYg7UrFB0bDHiQA","images/与之相伴.png","今年是富邦华一银行携手杜若云章共同呈现艺术项目的第六年。一路芳华，有欣喜的美好、有难忘的回忆，还有互相扶持前行的力量。旅途中，我们与新的人相遇、相识与相伴；另一方面，我们有相应的内省与致知。此次策划\“与之相伴 - 富邦华一银行当代艺术项目\”，精选七位国内外优秀艺术家，马蒂亚斯·桑切斯、约尔迪·里贝斯、乔恩·伯格曼、平子雄一、山姆·弗里德曼、斯力洪·乔杜里、陈露露，这些独具个人风格的作品，体现着他们对于现阶段的思考与探索。当我们与这些作品所处的时间与空间交错，当我们与这些作品相遇，又会产生怎样的火花，亦会有着怎样的思索呢？"),
 (41,"龙与士——明代中国的书法和绘画艺术特展","龙美术馆（西岸馆）西楼展厅","","2023-3-25","2023-6-18","10:00:00","18:00:00","上海市","市辖区","徐汇区","龙腾大道3398号",
 "280元","https://mp.weixin.qq.com/s/89LfB7gLBVX3zwLj0N2Jgg","images/龙与土.jpg","继龙美术馆十周年系列展之清代篇\“群星璀璨时——四王吴恽与四僧书画艺术特展\”后，2023年3月25日至6月18日，龙美术馆（西岸馆）将继续推出十周年系列展之\“龙与士——明代中国的书法和绘画艺术特展\”，由龙美术馆创始人、收藏家刘益谦担任总策划，谢晓冬策展，展出83件（组）明代书画珍品。"),
 (42,"永恒与一日——当代漆艺展","可见光艺术空间","","2023-3-18","2023-5-18","10:00:00","19:00:00","上海市","市辖区","黄浦区","绍兴路25弄2号",
 "280元","https://mp.weixin.qq.com/s/nZBQ4pD94ssuf__6I6Z-uw","images/永恒与一日.jpg","\“永恒与一日\”作为本次漆展的主题，描述的是漆艺创作中等待与凝结的过程。同时每个漆艺术家在具体的当代生活与漆艺创作过程中，面对着各种矛盾与拷问，凝结出一个个具有独特印记的\“永恒与一日\”。本次展览呈现了来自各大院校、各个年龄阶段共13位漆艺术家的作品，类别涵盖漆平面、立体、器皿，也是可见光空间首次漆艺主题的展览。旨在通过当代的视角和手法，使漆艺这一古老、传统的工艺门类穿越时间的尘埃焕发出新的魅力。只有爱能使时间的流逝变得甜美，也唯有爱才使时光驻留凝结。"),
 (43,"瑞秋·琼斯中国首次个展\“断裂之根\”","龙美术馆（西岸馆）西楼展厅","","2023-3-18","2023-5-28","10:00:00","18:00:00","上海市","市辖区","徐汇区","龙腾大道3398号",
 "280元","https://mp.weixin.qq.com/s/HUJNzkQD5ooN_0h1Ri40PQ","images/断裂之根.jpg","本次展览是琼斯在中国的首次个展，将呈献艺术家20件最新画作，包含艺术家创作的经典主题。通过使用油画棒和粉彩等媒介，琼斯在未伸展的画布上构筑起一个万花筒般引人入胜的世界，她以极具变化和冲突的方式将抽象的主题、色彩和材料并置，并由此备受推崇。琼斯的作品曾于欧洲和美国的众多个展和群展中展出，亦被多家知名艺术机构收藏，包括龙美术馆、荷兰阿姆斯特丹市立博物馆、美国马里兰州巴尔的摩艺术博物馆、洛杉矶当代艺术博物馆、纽约哈莱姆工作室博物馆和英国伦敦泰特美术馆。"),
 (44,"每一次沉默都是隐蔽空间","修道院公寓二层，花厅计划","","2023-3-18","2023-6-24","10:00:00","18:00:00","上海市","市辖区","徐汇区","复兴西路62号",
 "免费","https://mp.weixin.qq.com/s/sTV_KHcavdKStLXrxil1DA","images/每一次沉默都是隐蔽空间.png","道院公寓成为了一栋存储自旧法租界发展至今的博物馆，且其自身就是博物馆的展品。然而，它是否也成为了阿多诺所谓德语中的museal，即仅成为了\“像博物馆那样\”（museum like），而失去了与人切身的关联。在留存建筑与物质遗产的同时，有多少人的活动是我们能够从时光中留住的？日本艺术家藤井光的实践聚焦于福岛核事故之后，以此诘问我们是否还有记录和再现历史的能力。博物馆对历史的重新诠释，是否也是对历史的威胁，这些被构建的意义与秩序是否能够真的帮助我们看见过去时空的真实？格鲁吉亚艺术家瓦吉科·恰齐亚尼在《冬日未至》（2017年）中探讨了个体与集体记忆之联系，隐含从宏大叙事中释放的态度。徐喆的新作《裂隙蜉蝣》（2023年）从一个人的生命经验出发，最终回归到个体与个体之间的关照。每一个人既是历史当中最难以捕捉的，但也终究是历史的核心。"),
 (45,"作为替代性艺术实践的自印本","多伦现代美术馆","","2023-3-18","2023-5-21","10:00:00","18:00:00","上海市","市辖区","虹口区","多伦路27号",
 "免费","https://mp.weixin.qq.com/s/6uahFkOCBn7zvNTez1M0tQ","images/自印本.jpg","\“作为替代性艺术实践的自印本\”将于2023年3月18日至5月21日在上海多伦现代美术馆展出。本次展览由上海多伦现代美术馆主办，施瀚涛担任策展人，厉致谦担任视觉总监，邀请参展机构/艺术家：桂林公园、香蕉鱼、小龙花、假杂志、51人、真姨书房、复印info、刺纸、木刻波流、无像、一树、btr、3type。"),
 (46,"武晨 三月三十二日","乔空间","","2023-3-10","2023-7-16","12:00:00","18:00:00","上海市","市辖区","徐汇区","龙腾大道2555号",
 "78元","https://mp.weixin.qq.com/s/iCTvNh8deRgEUEniZK6kTw","images/武晨.jpg","武晨的绘画借用艺术史中的图像结构，并在更广阔的视觉库中汲取与之接洽的顺延部分——讽刺漫画、年画、广告甚至游戏中的样式。后者，即当代通俗文化的视觉构造，将武晨所引用的中世纪晚期直至文艺复兴艺术中的坚固感和纵深感削弱，使画面趋于扁平。尽管兼收并蓄不同源流的图像记忆，他的绘画没有尽力强调气势憾人的纪念碑性和宗教意味，也未着眼于推崇人性光芒的人文气息。他的绘画不设立崇高的标的，只挥洒玩世不恭的笨拙，并暗示这样一个惊世骇俗的观点：笨拙在伟大精妙的经典绘画中业已存在，只是被人们的眼睛长期忽视。"),
 (47,"VISIONS COME TRUE远景成真","chi K11美术馆","","2023-3-3","2023-5-28","10:00:00","20:00:00","上海市","市辖区","黄浦区","淮海中路300号",
 "78元","https://mp.weixin.qq.com/s/ovU8eVH7lA9Ml6-p4jencg","images/远景成真.png","伴随人工智能的发展与应用，人类与机器之间如何依存共生？混合/合成智能是否已成为现实？2023年3月3日至5月28日，上海K11购物艺术中心（以下简称\“上海K11\”）联袂玛丽娜·阿布拉莫维奇、里克力·提拉瓦尼、林科等8位（组）国内外跨学科艺术家呈现多元视像数字艺术展——《VISIONS COME TRUE远景成真》，在\“视像\”与\“幻象\”虚实交错的世界中为观者带来启示。借助实验影像、计算机算法、人工智能（AI）实时模拟、数字互动装置等多媒介形式，启动观者的双眼与大脑，协调、配合、理解这些视觉作品。艺术家们以跨材质、跨学科、跨领域的先锋艺术表达，提供8种思考原型与视角，探讨物理世界的人类与数字虚拟世界中人工生命(artificial life)和人件(peopleware)之间的相互关系，在艺术语境下观察人类如何突破自身认知局限，思考人与人造物的关系，不断迭代、更新人的自然感知以及人对世界的理解。"),
 (48,"「屏墨春秋」老屏风书画精品特展","上海近代艺术馆","","2023-3-8","2023-8-31","10:00:00","18:00:00","上海市","市辖区","浦东新区","滨江大道2727号B2层",
 "78元","https://mp.weixin.qq.com/s/Cnj2Ir8Bq5qPda_tq1WqPw","images/屏墨春秋.jpg","此次\“屏墨春秋\”主题特展特邀海派书画领军人物朱鹏高及李寅初、萧守棉、沈建德、林玉祥、严平、葛幸福、金祥龙、洪九位德高望重的书画名家，于上海近代艺术馆同台亮相屏风作品。他们将青绿山水、工笔花鸟、书法等中国书画元素在老屏风上完美呈现赋予了每一扇屏风无尽的艺术内涵。"),
 (49,"\“明日之民\”互动装置展","西岸美术馆","","2023-3-8","2023-8-31","10:00:00","17:00:00","上海市","市辖区","徐汇区","龙腾大道2600号",
 "80元","https://mp.weixin.qq.com/s/CT58YPm0-cE_lG6zbKNuFA","images/明日之民.png","4大体验版块、8个艺术互动装置，设计、绘画、音乐、诗歌、色彩… 一系列交互体验贯穿整个展览，邀请每一位童心未泯的人浸入其中，寻获保持天真的魔法之钥。"),
 (50,"UNSEEN 无形之形","Dest Gallery","","2023-3-4","2023-6-18","10:00:00","18:30:00","上海市","市辖区","静安区","陕康里8号楼底层",
 "26元","https://mp.weixin.qq.com/s/AftxyKwSIJCt9N5nWQS_cw","images/无形之形.jpg","此次展出将以Morghen Studio的代表作系列灯具为主线铺开，与此同时我们还邀请了一对意大利摄影师Matteo Bellomo & Stefania Zanetti共同合作对Morghen Studio进行拍摄。两位摄影师将用自己的视角记录叙述他们镜头中的工作室及设计艺术工作的幕后故事。最终，Morghen工作室的展品，以及其本身作为摄影作品主角的影像，将在Dest Gallery一同呈现给观众。"),
 (51,"YOU AS ME 你和我","昊美术馆","","2023-2-17","2023-5-28","12:00:00","20:30:00","上海市","市辖区","浦东新区","祖冲之路2277弄1号",
 "免费","https://mp.weixin.qq.com/s/dXDAIHUqUPkE4ph9Qkj3Kg","images/你和我.jpg","本次展览作为昊美术馆（上海）开馆五周年举办的特别展览，精选馆藏作品中包括Lee Bul、刘韡、张培力、林天苗、Carsten Nicolai、Markus Lüpertz在内的20多位国内外艺术家的30余件装置和影像作品。和以往以线性时间为脉络，对馆藏作品进行标签的方式不同，本次展览以\“同时代的人是紧紧保持对自己时代的凝视\”为线索，以\“你和我\”为名，在展厅中，\“你和我\”即与空间对话的直接核心，填补了主体与场景的缺席；对世纪悲剧的发生做出反思，于当代事件和过去参考之间取得联系；从社会学的角度定义时间，将\“当下\”作为过去与未来的划分点；从社会装置出发，从文化的层面瓦解和反转语言；再认识物质肉体之外的文化表征，对抗碎片化的数字世界；并在数字世界中，转变为无法注销的有机生命形式。"),
 (52,"\“开启START\”星美术馆开馆展","星美术馆","","2022-12-30","2023-5-21","10:00:00","17:00:00","上海市","市辖区","徐汇区","瑞宁路111号",
 "160元","https://mp.weixin.qq.com/s/URXpSgnfIMyuCXGS2j5UXw","images/开启START.jpg","八年含冰，不凉热血。开馆展题为\“开启START\”，象征意义浓厚：其英文START即为星美术馆的英文名称；而开馆首秀在新年到来之际向公众\“开启\”亦合时宜；更重要的是：星美术馆的团队有一种开辟未来的理想，他们希望中国当代艺术在现代化的国际格局中有新的出发，在上海这座世界文化城市中开启闪亮的贡献。开馆展\“开启START\” 由创办人、馆长何炬星先生领衔的策展团队精心布局，其成员多为跟随该馆筹备多年的研究专家。整场展览由85名（组）艺术家、88件作品组成，这些艺术家中最年长的生于1921年，最年轻的生于1988年。艺术家地籍分布包括中国、韩国、印度、美国、丹麦、巴西、英国、法国、意大利、德国、比利时、保加利亚、塞尔维亚等，涵盖了国际当代艺术最具时代性和代表性的一批艺术家。作品的时代力量感和创作想象力美学价值均将成为当代审美与文化表达的全新范式和未来经典。首展\“开启START\” 是星美术馆策展团队为开馆布局的第一个篇章。在整体策划中：开馆展将由四个连贯的展览组成，分别为\“开启START\”之第一季至第四季，每季历时5个月，为期2年。每一季均将以不同基调、不同视角来呈现，尽量保持艺术的多面性与复杂性。即使艺术家有重合，展现的作品也一定另有面貌。总体下来，四个连贯的开馆展览，历时20个月，将涉及全球当代艺术家超三百名，代表性作品超三百多件。"),
 (53,"「洄游」","余德耀美术馆","","2023-4-20","2023-5-20","11:00:00","19:00:00","上海市","市辖区","青浦区","蟠鼎路123弄8号",
 "80元","https://mp.weixin.qq.com/s/pKUXLUUwrDKm8lkfvgsNrQ","images/洄游.jpg","余德耀美术馆新馆首展「洄游」，从余德耀基金会藏品近1500件收藏中精选46组中外艺术家作品，涵盖绘画、雕塑、装置、摄影、影像等创作媒介。展览将集中呈现余德耀基金会藏品中与\“家\”的意象有关的创作，艺术家们从平凡普通的物质、日常生活经验、个体记忆或梦境、持续或重复性的个人实践、以及对历史和社会议题的思考切入，探寻个体存在、物我关系以及时空流转等永恒的命题。"),
 (54,"玉楮流芳：上海博物馆藏宋元古籍展","上海博物馆","","2023-5-16","2023-8-13","09:00:00","17:00:00","上海市","市辖区","黄浦区","人民大道201号",
 "免费","https://mp.weixin.qq.com/s/KlO7bMX5AVctDWq5ZNCEhg","images/玉楮流芳.png","随着文明的发展，用于贮存记忆、传道授业、滋养心灵的书籍便大量地出现了。中国是世界上最早发明纸张和印刷术的国家，我们的出版业历史悠久,保存古代灿烂文化的典籍浩如烟海。宋元时期，文化昌盛，科技进步。在新的时代思潮下，文学、史学、艺术高度发展。与此同时，造纸、制墨、印刷技术达到了新的高度，而这些都为书籍的刊刻、印制创造了条件，中国古代图书事业也就此步入了黄金时代。宋元年间刊刻的典籍多达数万种，然而流传至今，存世稀少。上海博物馆收藏了数十部宋元古籍，多为至精至美的稀见善本，甚至是孤本，兼具版本文献价值、学术研究价值和艺术审美价值。本次展览中，上博所藏之66部宋元典籍将面向公众展示，可谓千年典籍的首次精彩呈现。"),
 (55,"徒步中国：未曾讲述的故事","上纽ICA艺术馆","","2023-5-20","2023-8-12","11:00:00","18:00:00","上海市","市辖区","浦东新区","杨思西路567号",
 "免费","https://mp.weixin.qq.com/s/Zo-uKoJ5nOmwT9b-6FG9nQ","images/徒步中国.jpg","本次展览与\“永远的行走\”（也称\“走出伊甸园\”计划）项目共同合作，由普利策奖得主、国家地理探险家和上海广播电视台纪录片中心外籍专家保罗·萨洛佩科（Paul Salopek）以及电影与文学研究者柯芜君共同策划，为观众呈现古代人类迁移路线上中国段的故事。参展艺术家包括保罗行走路上的伙伴、沿途遇到的民间艺术家，以及对行走有深入思考的艺术家。\“徒步中国\”展览通过发掘被主流话语掩盖的地方叙事，讲述跨越学科、知识体系、认识方式的本土故事，重新思考自然和文化之间的关系，以及历史与身份的流动性。徒步，不同于现代生活的疾速步伐，它提供了一种以过程为导向的方法，帮助人们建立意料之外的连结，使被压抑和遗忘的过往得以复苏。行走，不仅仅是行走，而是穿梭时空的漫步，是对隐藏真理的探寻、是倾听、是讲故事。艺术家们用行走的方式，揭开生态和技术的面纱，跨越无形的边界，记录发生在中国的身心之旅，追寻历史徘徊的踪迹。漫步在展览中，如同穿梭在行道与小径间，观众将聆听来自少数民族和身心障碍者的故事，阅读草原和山川，目睹历史的沧桑和变迁。所有的叙述交织、重叠在一起，向彼此发问，也向我们发问：人们对过去、未来和日常之外的世界承担着怎样的责任？我们忽视压抑了什么样的故事？有哪些故事还未曾讲述？"),
 (56,"跨越时空的凝视——藤村真绘画对话中国古瓷","北外滩艺术馆","","2023-5-12","2023-6-18","11:00:00","17:00:00","上海市","市辖区","虹口区","东大名路999号4F",
 "免费","https://mp.weixin.qq.com/s/klhv4NFZPPADiCv4O9857Q","images/跨越时空的凝视.jpg","2023年5月，北外滩艺术馆精心筹划，带来国际知名艺术家藤村真( Makoto Fujimura )绘画作品与馆藏官窑瓷器精品联展。以惊艳于世的色彩为媒介，跨越时空，美学对话，碰撞出二者和而不同的灵感之源。展品囊括藤村真蜚声国际艺术界的绘画作品十八幅，同时，艺术馆从馆藏珍品中，由色泽、气韵、渊源而发，臻选御窑精品；绘画与瓷器，当代与传世，对美的极致追求令其一脉相承，彼此唱和，共鸣于世。"),
 (57,"宋陵:「我也开始有欲望了」","昊美术馆","","2023-5-13","2023-7-9","12:00:00","20:30:00","上海市","市辖区","浦东新区","祖冲之路2277弄1号",
 "80元","https://mp.weixin.qq.com/s/pEgcW0IEdLIBOvZ0Mk50XA","images/我也开始有欲望了.jpg","昊美术馆很荣幸地宣布，将于5月13日在昊美术馆二楼展厅推出宋陵个展\“我也开始有欲望了\”，全面呈现近10年来，包括\“野生动物\”系列、\“虚构\”系列、\“临摹\”系列和\“物事生非\”系列在内的近百件作品。1988年宋陵移居澳洲，\“我也开始有欲望了\”是他在缺席中国社会快速发展的20年后，重返中国当代艺术现场时的一个内心独白，也是艺术家在面对当下社会现状和艺术生态时的一句调侃 。短暂的缺席终究为宋陵带来了新的创作维度。本次展览由鲁明军担任学术主持。"),
 (58,"意会-廖学军·黄剑波 上海双个展","宝龙艺术中心","","2023-5-18","2023-5-22","11:00:00","19:00:00","上海市","市辖区","闵行区","漕宝路3199号",
 "免费","https://mp.weixin.qq.com/s/Pf_rITnuqAjCc4xsEjb5wA","images/意会.jpg","廖学军的画布上仿佛奏响着美妙的乐章。他与生俱来的天赋和对于生活的敏锐嗅觉，大胆洒脱的构图，引领观者进入到极高的审美意境当中。对于材料的运用，画家有着独到的见解，油彩在画笔的一顿一挫间，挥洒自如，瀑布、群山、雾气被呈现的淋漓尽致。自然是一切创作的本源，是画家笔下最广阔的绘画题材。廖学军作为中国当代绘画的杰出代表，运用民族传统的绘画语言和当代写意的表现手段，再次为我们展现了中国山水画的博大精深与无穷魅力。他的作品是东西方文化的交融与生发，令人如饮甘泉，沁人心肺。"),
 (59,"启动力——当代潮流艺术展","上海参柒贰参美术馆A厅、B厅","","2023-4-22","2023-6-25","10:00:00","19:00:00","上海市","市辖区","浦东新区","银城路66号2层",
 "78元","https://mp.weixin.qq.com/s/e6783OA3J5kESoF4Hr2tXQ","images/启动力.jpg","这是一场以创意赋能潮流文化，以潮流文化丰富视觉创作的全新展览，这是一次在新时代背景下新颖、开放且充满创意与活力的艺术体验。此次展览集结了8位志同道合的青年艺术家们，在这个艺术空间中共同打破以往美术馆展览传统的、固有的策展局限所带来的限定与被动。从展陈设计这个环节开始就\“径直进入\”主题。以此为参展艺术家提供最大的创作及展示空间及可能，把创意及作品带入空间的同时，将空间纳入创作的思考范畴，并最终实现想法、作品、空间或其它元素的完美结合与碰撞，最终向观众展示一个全景式的创意集合。");

 INSERT INTO user_ex_relation(user_id,ex_id,ex_review_id,date,type,is_done,result) VALUES
 (3,5,5,"2023/5/30 17:43","新增",TRUE,"pass"),
 (3,6,6,"2023/5/30 17:43","新增",TRUE,"pass"),
 (3,7,7,"2023/5/30 17:43","新增",TRUE,"pass"),
 (3,8,8,"2023/5/30 17:43","新增",TRUE,"pass"),
 (3,9,9,"2023/5/30 17:43","新增",TRUE,"pass"),
 (3,10,10,"2023/5/30 17:43","新增",TRUE,"pass"),
 (3,11,11,"2023/5/30 17:43","新增",TRUE,"pass"),
 (3,12,12,"2023/5/30 17:43","新增",TRUE,"pass"),
 (3,13,13,"2023/5/30 17:43","新增",TRUE,"pass"),
 (3,14,14,"2023/5/30 17:43","新增",TRUE,"pass"),
 (3,15,15,"2023/5/30 17:43","新增",TRUE,"pass"),
 (3,16,16,"2023/5/30 17:43","新增",TRUE,"pass"),
 (3,17,17,"2023/5/30 17:43","新增",TRUE,"pass"),
 (3,18,18,"2023/5/30 17:43","新增",TRUE,"pass"),
 (3,19,19,"2023/5/30 17:43","新增",TRUE,"pass"),
 (3,20,20,"2023/5/30 17:43","新增",TRUE,"pass"),
 (3,21,21,"2023/5/30 17:43","新增",TRUE,"pass"),
 (4,22,22,"2023/5/30 17:43","新增",TRUE,"pass"),
 (4,23,23,"2023/5/30 17:43","新增",TRUE,"pass"),
 (4,24,24,"2023/5/30 17:43","新增",TRUE,"pass"),
 (4,25,25,"2023/5/30 17:43","新增",TRUE,"pass"),
 (4,26,26,"2023/5/30 17:43","新增",TRUE,"pass"),
 (4,27,27,"2023/5/30 17:43","新增",TRUE,"pass"),
 (4,28,28,"2023/5/30 17:43","新增",TRUE,"pass"),
 (4,29,29,"2023/5/30 17:43","新增",TRUE,"pass"),
 (4,30,30,"2023/5/30 17:43","新增",TRUE,"pass"),
 (4,31,31,"2023/5/30 17:43","新增",TRUE,"pass"),
 (4,32,32,"2023/5/30 17:43","新增",TRUE,"pass"),
 (4,33,33,"2023/5/30 17:43","新增",TRUE,"pass"),
 (4,34,34,"2023/5/30 17:43","新增",TRUE,"pass"),
 (4,35,35,"2023/5/30 17:43","新增",TRUE,"pass"),
 (4,36,36,"2023/5/30 17:43","新增",TRUE,"pass"),
 (4,37,37,"2023/5/30 17:43","新增",TRUE,"pass"),
 (4,38,38,"2023/5/30 17:43","新增",TRUE,"pass"),
 (4,39,39,"2023/5/30 17:43","新增",TRUE,"pass"),
 (4,40,40,"2023/5/30 17:43","新增",TRUE,"pass"),
 (4,41,41,"2023/5/30 17:43","新增",TRUE,"pass"),
 (4,42,42,"2023/5/30 17:43","新增",TRUE,"pass"),
 (4,43,43,"2023/5/30 17:43","新增",TRUE,"pass"),
 (4,44,44,"2023/5/30 17:43","新增",TRUE,"pass"),
 (4,45,45,"2023/5/30 17:43","新增",TRUE,"pass"),
 (4,46,46,"2023/5/30 17:43","新增",TRUE,"pass"),
 (4,47,47,"2023/5/30 17:43","新增",TRUE,"pass"),
 (4,48,48,"2023/5/30 17:43","新增",TRUE,"pass"),
 (4,49,49,"2023/5/30 17:43","新增",TRUE,"pass"),
 (4,50,50,"2023/5/30 17:43","新增",TRUE,"pass"),
 (4,51,51,"2023/5/30 17:43","新增",TRUE,"pass"),
 (4,52,52,"2023/5/30 17:43","新增",TRUE,"pass"),
 (4,53,53,"2023/5/30 17:43","新增",TRUE,"pass"),
 (4,54,54,"2023/5/30 17:43","新增",TRUE,"pass"),
 (4,55,55,"2023/5/30 17:43","新增",TRUE,"pass");


INSERT INTO tag(id,name) VALUES
(1,"绘画"),(2,"书法"),(3,"瓷器"),(4,"雕塑"),
(5,"音乐"),(6,"沉浸式"),(7,"摄影"),(8,"版画"),
(9,"装置"),(10,"影像"),(11,"书籍"),
(14,"历史"),(15,"艺术"),(16,"科技"),(17,"地理"),
(18,"自然"),(19,"文学"),(20,"传统文化"),(21,"生物"),
(30,"个展"),(31,"特展");


INSERT INTO exhibition_tag(ex_id,tag_id)VALUES
(5,15),
(5,18),
(6,1),
(6,15),
(7,15),
(8,4),
(9,3),
(9,15),
(10,3),
(11,1),
(11,30),
(12,15),
(12,31),
(13,30),
(13,15),
(14,30),
(14,1),
(15,1),
(15,30),
(16,6),
(16,14),
(17,1),
(17,15),
(18,16),
(19,1),
(19,2),
(19,20),
(20,7),
(21,14),
(22,15),
(22,19),
(23,15),
(24,7),
(24,15),
(25,21),
(26,1),
(27,18),
(27,15),
(28,1),
(28,14),
(29,15),
(29,1),
(29,7),
(30,1),
(30,15),
(31,1),
(31,15),
(32,1),
(32,15),
(33,7),
(34,1),
(35,8),
(36,15),
(37,1),
(38,1),
(38,30),
(39,1),
(40,1),
(40,15),
(41,1),
(41,2),
(41,20),
(42,15),
(43,30),
(43,1),
(44,15),
(45,15),
(46,1),
(46,15),
(47,16),
(48,1),
(48,2),
(48,20),
(49,9),
(50,15),
(50,9),
(51,7),
(51,9),
(51,31),
(52,15),
(53,1),
(53,4),
(53,9),
(53,7),
(54,11),
(55,15);

INSERT INTO exhibitionRe_tag(id,exRe_id,tag_id)VALUES
(1,1,1),
(4,1,2),
(2,2,2),
(3,2,2);

INSERT INTO user(id,role,username,password,email,sex,biography) VALUES
(1,'管理员','admin','123456','123456@qq.com','男',''),
(2,'普通用户','user','123456','666666@qq.com','女',''),
(3,'博物馆','wuwu','123456','111111@qq.com','女',''),
(4,'博物馆','zyw','123456','123123@qq.com','男','');

INSERT INTO subscription(user_id,ex_id,date) VALUES
    (2,5,"2023-05-09"),
    (2,6,"2023-05-09"),
    (2,7,"2023-05-09");
